{
  "config": {
    "experiment_name": "Experiment_20250914_0932",
    "dataset": "processed.cleveland.data",
    "grammar": "heartDisease.bnf",
    "fitness_metric": "mae",
    "fitness_direction": -1,
    "n_runs": 3,
    "generations": 20,
    "population": 50,
    "p_crossover": 0.8,
    "p_mutation": 0.11,
    "elite_size": 1,
    "tournsize": 11,
    "halloffame_size": 1,
    "max_tree_depth": 35,
    "min_init_tree_depth": 4,
    "max_init_tree_depth": 13,
    "min_init_genome_length": 95,
    "max_init_genome_length": 115,
    "codon_size": 255,
    "codon_consumption": "lazy",
    "genome_representation": "list",
    "initialisation": "sensible",
    "random_seed": 45,
    "label_column": null,
    "test_size": 0.3,
    "report_items": [
      "gen",
      "invalid",
      "avg",
      "std",
      "min",
      "max",
      "fitness_test",
      "best_ind_length",
      "avg_length",
      "best_ind_nodes",
      "avg_nodes",
      "best_ind_depth",
      "avg_depth",
      "avg_used_codons",
      "best_ind_used_codons",
      "structural_diversity",
      "fitness_diversity",
      "selection_time",
      "generation_time"
    ],
    "created_at": "2025-09-14T09:32:02.255570"
  },
  "report_items": [
    "gen",
    "invalid",
    "avg",
    "std",
    "min",
    "max",
    "fitness_test",
    "best_ind_length",
    "avg_length",
    "best_ind_nodes",
    "avg_nodes",
    "best_ind_depth",
    "avg_depth",
    "avg_used_codons",
    "best_ind_used_codons",
    "structural_diversity",
    "fitness_diversity",
    "selection_time",
    "generation_time"
  ],
  "max": [
    0.714975845410628,
    0.7342995169082126,
    0.7342995169082126,
    0.7342995169082126,
    0.6714975845410628,
    0.748792270531401,
    0.748792270531401,
    0.748792270531401,
    0.748792270531401,
    0.7681159420289855,
    0.748792270531401,
    0.7681159420289855,
    0.7681159420289855,
    0.7681159420289855,
    0.748792270531401,
    0.6908212560386473,
    0.7342995169082126,
    0.7681159420289855,
    0.6908212560386473,
    0.748792270531401,
    0.748792270531401
  ],
  "avg": [
    0.5041545893719807,
    0.4970477724100912,
    0.4627771584293323,
    0.45185934164700603,
    0.38120333772507686,
    0.42719116632160115,
    0.39082125603864737,
    0.3460869565217392,
    0.3178743961352657,
    0.29671497584541057,
    0.30666666666666664,
    0.291207729468599,
    0.29091787439613526,
    0.36231884057971014,
    0.28125603864734294,
    0.294975845410628,
    0.2816425120772946,
    0.29545893719806765,
    0.29797101449275365,
    0.29826086956521736,
    0.3180676328502415
  ],
  "min": [
    0.40096618357487923,
    0.40096618357487923,
    0.26570048309178745,
    0.26570048309178745,
    0.25120772946859904,
    0.25120772946859904,
    0.25120772946859904,
    0.25120772946859904,
    0.25120772946859904,
    0.25120772946859904,
    0.25120772946859904,
    0.25120772946859904,
    0.25120772946859904,
    0.25120772946859904,
    0.25120772946859904,
    0.25120772946859904,
    0.25120772946859904,
    0.25120772946859904,
    0.25120772946859904,
    0.25120772946859904,
    0.25120772946859904
  ],
  "std": [
    0.05165026175228052,
    0.10379779001890664,
    0.09994986800546046,
    0.1299088074688604,
    0.14114075708378704,
    0.17145835227841338,
    0.18798727204453403,
    0.16134328417337185,
    0.13467434572857165,
    0.11499650689196389,
    0.1302171739979924,
    0.11420208113360733,
    0.1155439623868034,
    0.1870657160303164,
    0.09352182884137765,
    0.10331574946433192,
    0.09010017995576552,
    0.1157783063030951,
    0.11839372411876273,
    0.1262555002858237,
    0.14040399397271242
  ],
  "fitness_test": [
    null,
    0.4666666666666667,
    0.23333333333333334,
    0.23333333333333334,
    0.23333333333333334,
    0.23333333333333334,
    0.23333333333333334,
    0.23333333333333334,
    0.23333333333333334,
    0.23333333333333334,
    0.23333333333333334,
    0.23333333333333334,
    0.23333333333333334,
    0.23333333333333334,
    0.23333333333333334,
    0.23333333333333334,
    0.23333333333333334,
    0.23333333333333334,
    0.23333333333333334,
    0.23333333333333334,
    0.23333333333333334
  ],
  "best_phenotype": "x[11]",
  "best_training_fitness": 0.25120772946859904,
  "best_depth": 3,
  "best_genome_length": 75,
  "best_used_codons": 0.02666666666666667,
  "timestamp": "2025-09-14T08:32:04.811105+00:00"
}