{
  "config": {
    "experiment_name": "Experiment_20250914_0917",
    "dataset": "processed.cleveland.data",
    "grammar": "heartDisease.bnf",
    "fitness_metric": "mae",
    "fitness_direction": -1,
    "n_runs": 3,
    "generations": 20,
    "population": 50,
    "p_crossover": 0.8,
    "p_mutation": 0.13,
    "elite_size": 0,
    "tournsize": 7,
    "halloffame_size": 1,
    "max_tree_depth": 35,
    "min_init_tree_depth": 4,
    "max_init_tree_depth": 13,
    "min_init_genome_length": 95,
    "max_init_genome_length": 115,
    "codon_size": 255,
    "codon_consumption": "lazy",
    "genome_representation": "list",
    "initialisation": "sensible",
    "random_seed": 45,
    "label_column": null,
    "test_size": 0.3,
    "report_items": [
      "gen",
      "invalid",
      "avg",
      "std",
      "min",
      "max",
      "fitness_test",
      "best_ind_length",
      "avg_length",
      "best_ind_nodes",
      "avg_nodes",
      "best_ind_depth",
      "avg_depth",
      "avg_used_codons",
      "best_ind_used_codons",
      "structural_diversity",
      "fitness_diversity",
      "selection_time",
      "generation_time"
    ],
    "created_at": "2025-09-14T09:17:11.344669"
  },
  "report_items": [
    "gen",
    "invalid",
    "avg",
    "std",
    "min",
    "max",
    "fitness_test",
    "best_ind_length",
    "avg_length",
    "best_ind_nodes",
    "avg_nodes",
    "best_ind_depth",
    "avg_depth",
    "avg_used_codons",
    "best_ind_used_codons",
    "structural_diversity",
    "fitness_diversity",
    "selection_time",
    "generation_time"
  ],
  "max": [
    0.7584541062801933,
    0.7053140096618358,
    0.7681159420289855,
    0.7681159420289855,
    0.7681159420289855,
    0.7681159420289855,
    0.7681159420289855,
    0.7681159420289855,
    0.7681159420289855,
    0.7681159420289855,
    0.7681159420289855,
    0.7681159420289855,
    0.7681159420289855,
    0.7681159420289855,
    0.7681159420289855,
    0.7681159420289855,
    0.7681159420289855,
    0.7681159420289855,
    0.7681159420289855,
    0.7681159420289855,
    0.7681159420289855
  ],
  "avg": [
    0.5080193236714976,
    0.46484165324745036,
    0.4424681598594642,
    0.4961889425657542,
    0.42413487133984024,
    0.43752744839701363,
    0.4183574879227054,
    0.373240915773997,
    0.3945578231292517,
    0.41556172268475683,
    0.36519683420700993,
    0.3586710046337376,
    0.38113929146537845,
    0.4075717243419107,
    0.3706723027375202,
    0.3214660785549254,
    0.32986767485822305,
    0.35738056897477183,
    0.3887922705314009,
    0.3951074108335903,
    0.393154486586494
  ],
  "min": [
    0.3526570048309179,
    0.23671497584541062,
    0.2318840579710145,
    0.2318840579710145,
    0.2318840579710145,
    0.2318840579710145,
    0.2318840579710145,
    0.2318840579710145,
    0.2318840579710145,
    0.2318840579710145,
    0.2318840579710145,
    0.2318840579710145,
    0.2318840579710145,
    0.2318840579710145,
    0.2318840579710145,
    0.2318840579710145,
    0.2318840579710145,
    0.2318840579710145,
    0.2318840579710145,
    0.2318840579710145,
    0.2318840579710145
  ],
  "std": [
    0.07983366216862135,
    0.15057484914633745,
    0.15615396679659294,
    0.16993915829791634,
    0.14512123370690558,
    0.17319607043662477,
    0.16322307755948676,
    0.14971249161748773,
    0.18730516698592162,
    0.18595192809851707,
    0.1605907365539985,
    0.14850021660703844,
    0.18588898566282955,
    0.2075877114970577,
    0.1870037940110108,
    0.15586960215010098,
    0.16966821051808545,
    0.16877201494511548,
    0.21209707961809535,
    0.20785238320625896,
    0.18508221576781622
  ],
  "fitness_test": [
    null,
    0.32222222222222224,
    0.3111111111111111,
    0.3111111111111111,
    0.3111111111111111,
    0.3111111111111111,
    0.3111111111111111,
    0.3111111111111111,
    0.3111111111111111,
    0.3111111111111111,
    0.3111111111111111,
    0.3111111111111111,
    0.3111111111111111,
    0.3111111111111111,
    0.3111111111111111,
    0.3111111111111111,
    0.3111111111111111,
    0.3111111111111111,
    0.3111111111111111,
    0.3111111111111111,
    0.3111111111111111
  ],
  "best_phenotype": "not_(not_(not_(x[18])))",
  "best_training_fitness": 0.2318840579710145,
  "best_depth": 6,
  "best_genome_length": 49,
  "best_used_codons": 0.10204081632653061,
  "timestamp": "2025-09-14T08:17:12.054996+00:00"
}