{
  "config": {
    "experiment_name": "Experiment_2",
    "dataset": "processed.cleveland.data",
    "grammar": "heartDisease.bnf",
    "fitness_metric": "mae",
    "fitness_direction": -1,
    "n_runs": 3,
    "generations": 20,
    "population": 50,
    "p_crossover": 0.8,
    "p_mutation": 0.19,
    "elite_size": 2,
    "tournsize": 12,
    "halloffame_size": 2,
    "max_tree_depth": 35,
    "min_init_tree_depth": 4,
    "max_init_tree_depth": 13,
    "min_init_genome_length": 95,
    "max_init_genome_length": 115,
    "codon_size": 255,
    "codon_consumption": "lazy",
    "genome_representation": "list",
    "initialisation": "sensible",
    "random_seed": 45,
    "label_column": null,
    "test_size": 0.3,
    "report_items": [
      "gen",
      "invalid",
      "avg",
      "std",
      "min",
      "max",
      "fitness_test",
      "best_ind_length",
      "avg_length",
      "best_ind_nodes",
      "avg_nodes",
      "best_ind_depth",
      "avg_depth",
      "avg_used_codons",
      "best_ind_used_codons",
      "structural_diversity",
      "fitness_diversity",
      "selection_time",
      "generation_time"
    ],
    "created_at": "2025-09-14T10:26:29.183673"
  },
  "report_items": [
    "gen",
    "invalid",
    "avg",
    "std",
    "min",
    "max",
    "fitness_test",
    "best_ind_length",
    "avg_length",
    "best_ind_nodes",
    "avg_nodes",
    "best_ind_depth",
    "avg_depth",
    "avg_used_codons",
    "best_ind_used_codons",
    "structural_diversity",
    "fitness_diversity",
    "selection_time",
    "generation_time"
  ],
  "max": [
    0.7632850241545893,
    0.7294685990338164,
    0.5990338164251208,
    0.5555555555555556,
    0.5458937198067633,
    0.748792270531401,
    0.7342995169082126,
    0.7632850241545893,
    0.7632850241545893,
    0.748792270531401,
    0.748792270531401,
    0.7632850241545893,
    0.7632850241545893,
    0.7342995169082126,
    0.7342995169082126,
    0.7342995169082126,
    0.7342995169082126,
    0.7342995169082126,
    0.7342995169082126,
    0.7342995169082126,
    0.7342995169082126
  ],
  "avg": [
    0.506183574879227,
    0.3776899429073342,
    0.3365146694945211,
    0.3375603864734299,
    0.31142568250758346,
    0.3304347826086957,
    0.34368530020703936,
    0.33297985153764587,
    0.2959742351046699,
    0.31091291960857187,
    0.36018424896079093,
    0.319927536231884,
    0.3306082001734175,
    0.3302822273073989,
    0.3759661835748792,
    0.31128452867583306,
    0.3396281657151222,
    0.39522946859903385,
    0.438647342995169,
    0.35088959585248025,
    0.38056897477187324
  ],
  "min": [
    0.30434782608695654,
    0.27053140096618356,
    0.26570048309178745,
    0.26570048309178745,
    0.26570048309178745,
    0.26570048309178745,
    0.26570048309178745,
    0.26570048309178745,
    0.26570048309178745,
    0.24154589371980675,
    0.24154589371980675,
    0.24154589371980675,
    0.23671497584541062,
    0.23671497584541062,
    0.23671497584541062,
    0.23671497584541062,
    0.23671497584541062,
    0.23671497584541062,
    0.23671497584541062,
    0.23671497584541062,
    0.23671497584541062
  ],
  "std": [
    0.08435889275586893,
    0.10712163774128856,
    0.0888641017233691,
    0.09266795749646072,
    0.08339684270217904,
    0.13752201441571607,
    0.13113399409189966,
    0.12551043032076326,
    0.09949241187077049,
    0.11639783632787255,
    0.16118021769678847,
    0.12902479770325903,
    0.14687895066342088,
    0.1381739458309325,
    0.1624326992404506,
    0.1391464116435396,
    0.1570424821063303,
    0.16942872300276365,
    0.16194819080332198,
    0.15578422156582836,
    0.1555255099087298
  ],
  "fitness_test": [
    null,
    0.18888888888888888,
    0.23333333333333334,
    0.23333333333333334,
    0.23333333333333334,
    0.23333333333333334,
    0.23333333333333334,
    0.23333333333333334,
    0.23333333333333334,
    0.2222222222222222,
    0.2222222222222222,
    0.2222222222222222,
    0.23333333333333334,
    0.23333333333333334,
    0.23333333333333334,
    0.23333333333333334,
    0.23333333333333334,
    0.23333333333333334,
    0.23333333333333334,
    0.23333333333333334,
    0.23333333333333334
  ],
  "best_phenotype": "or_(x[24],x[23])",
  "best_training_fitness": 0.23671497584541062,
  "best_depth": 4,
  "best_genome_length": 8,
  "best_used_codons": 0.625,
  "timestamp": "2025-09-14T09:26:30.817762+00:00"
}