{
  "config": {
    "experiment_name": "Experiment_1",
    "dataset": "processed.cleveland.data",
    "grammar": "heartDisease.bnf",
    "fitness_metric": "mae",
    "n_runs": 3,
    "generations": 20,
    "population": 50,
    "p_crossover": 0.8,
    "p_mutation": 0.13,
    "elite_size": 1,
    "tournsize": 7,
    "halloffame_size": 1,
    "max_tree_depth": 35,
    "min_init_tree_depth": 4,
    "max_init_tree_depth": 13,
    "min_init_genome_length": 95,
    "max_init_genome_length": 115,
    "codon_size": 255,
    "codon_consumption": "lazy",
    "genome_representation": "list",
    "initialisation": "sensible",
    "random_seed": 43,
    "label_column": null,
    "test_size": 0.3,
    "report_items": [
      "gen",
      "invalid",
      "avg",
      "std",
      "min",
      "max",
      "fitness_test",
      "best_ind_length",
      "avg_length",
      "best_ind_nodes",
      "avg_nodes",
      "best_ind_depth",
      "avg_depth",
      "avg_used_codons",
      "best_ind_used_codons",
      "structural_diversity",
      "fitness_diversity",
      "selection_time",
      "generation_time"
    ],
    "created_at": "2025-09-06T12:32:45.312209"
  },
  "report_items": [
    "gen",
    "invalid",
    "avg",
    "std",
    "min",
    "max",
    "fitness_test",
    "best_ind_length",
    "avg_length",
    "best_ind_nodes",
    "avg_nodes",
    "best_ind_depth",
    "avg_depth",
    "avg_used_codons",
    "best_ind_used_codons",
    "structural_diversity",
    "fitness_diversity",
    "selection_time",
    "generation_time"
  ],
  "max": [
    0.7632850241545893,
    0.6811594202898551,
    0.6038647342995169,
    0.7294685990338164,
    0.6811594202898551,
    0.748792270531401,
    0.7632850241545893,
    0.7632850241545893,
    0.7342995169082126,
    0.748792270531401,
    0.7632850241545893,
    0.7632850241545893,
    0.748792270531401,
    0.7632850241545893,
    0.7632850241545893,
    0.7342995169082126,
    0.7632850241545893,
    0.748792270531401,
    0.7632850241545893,
    0.7632850241545893,
    0.7632850241545893
  ],
  "avg": [
    0.506183574879227,
    0.43816425120772945,
    0.3533310863947871,
    0.34772544283413853,
    0.33402346445824704,
    0.32929113674455285,
    0.39219165927240457,
    0.36882579118603953,
    0.33188405797101445,
    0.3369082125603864,
    0.34425120772946854,
    0.3604830917874395,
    0.33458937198067623,
    0.35149758454106267,
    0.3405797101449275,
    0.3135265700483092,
    0.34067632850241547,
    0.31198067632850246,
    0.3026086956521739,
    0.2910144927536232,
    0.351111111111111
  ],
  "min": [
    0.30434782608695654,
    0.27053140096618356,
    0.27053140096618356,
    0.27053140096618356,
    0.26570048309178745,
    0.23671497584541062,
    0.23671497584541062,
    0.23671497584541062,
    0.23671497584541062,
    0.23671497584541062,
    0.23671497584541062,
    0.23671497584541062,
    0.23671497584541062,
    0.23671497584541062,
    0.23671497584541062,
    0.23671497584541062,
    0.23671497584541062,
    0.23671497584541062,
    0.23671497584541062,
    0.23671497584541062,
    0.23671497584541062
  ],
  "std": [
    0.08435889275586893,
    0.09912332469722493,
    0.08672265919208305,
    0.11624561695846468,
    0.10931555025077223,
    0.11815297583601984,
    0.19170166554245244,
    0.19410617522439713,
    0.16536775935534864,
    0.1498077213646734,
    0.17997178502081937,
    0.1911234444519047,
    0.17509744305700384,
    0.18657242497554302,
    0.17396738281515264,
    0.14489291051744085,
    0.17280711164934429,
    0.145194890276268,
    0.13730267496058268,
    0.12337888087580778,
    0.16526382939206027
  ],
  "fitness_test": [
    null,
    0.18888888888888888,
    0.18888888888888888,
    0.18888888888888888,
    0.23333333333333334,
    0.23333333333333334,
    0.23333333333333334,
    0.23333333333333334,
    0.23333333333333334,
    0.23333333333333334,
    0.23333333333333334,
    0.23333333333333334,
    0.23333333333333334,
    0.23333333333333334,
    0.23333333333333334,
    0.23333333333333334,
    0.23333333333333334,
    0.23333333333333334,
    0.23333333333333334,
    0.23333333333333334,
    0.23333333333333334
  ],
  "best_phenotype": "not_(x[22])",
  "best_training_fitness": 0.23671497584541062,
  "best_depth": 4,
  "best_genome_length": 1325,
  "best_used_codons": 0.0022641509433962265,
  "timestamp": "2025-09-06T11:32:47.679534+00:00"
}