{
  "config": {
    "experiment_name": "Experiment_20250914_0917",
    "dataset": "processed.cleveland.data",
    "grammar": "heartDisease.bnf",
    "fitness_metric": "mae",
    "fitness_direction": -1,
    "n_runs": 3,
    "generations": 20,
    "population": 50,
    "p_crossover": 0.8,
    "p_mutation": 0.13,
    "elite_size": 0,
    "tournsize": 7,
    "halloffame_size": 1,
    "max_tree_depth": 35,
    "min_init_tree_depth": 4,
    "max_init_tree_depth": 13,
    "min_init_genome_length": 95,
    "max_init_genome_length": 115,
    "codon_size": 255,
    "codon_consumption": "lazy",
    "genome_representation": "list",
    "initialisation": "sensible",
    "random_seed": 45,
    "label_column": null,
    "test_size": 0.3,
    "report_items": [
      "gen",
      "invalid",
      "avg",
      "std",
      "min",
      "max",
      "fitness_test",
      "best_ind_length",
      "avg_length",
      "best_ind_nodes",
      "avg_nodes",
      "best_ind_depth",
      "avg_depth",
      "avg_used_codons",
      "best_ind_used_codons",
      "structural_diversity",
      "fitness_diversity",
      "selection_time",
      "generation_time"
    ],
    "created_at": "2025-09-14T09:17:11.344669"
  },
  "report_items": [
    "gen",
    "invalid",
    "avg",
    "std",
    "min",
    "max",
    "fitness_test",
    "best_ind_length",
    "avg_length",
    "best_ind_nodes",
    "avg_nodes",
    "best_ind_depth",
    "avg_depth",
    "avg_used_codons",
    "best_ind_used_codons",
    "structural_diversity",
    "fitness_diversity",
    "selection_time",
    "generation_time"
  ],
  "max": [
    0.7632850241545893,
    0.5700483091787439,
    0.748792270531401,
    0.6811594202898551,
    0.6038647342995169,
    0.6038647342995169,
    0.5893719806763285,
    0.7632850241545893,
    0.7632850241545893,
    0.6038647342995169,
    0.7342995169082126,
    0.7342995169082126,
    0.7342995169082126,
    0.7004830917874396,
    0.7584541062801933,
    0.6376811594202898,
    0.7342995169082126,
    0.7342995169082126,
    0.5700483091787439,
    0.7342995169082126,
    0.7342995169082126
  ],
  "avg": [
    0.506183574879227,
    0.4154589371980677,
    0.36100131752305664,
    0.3531400966183575,
    0.31315083199141175,
    0.3139046418819576,
    0.3113929146537842,
    0.3267170762444865,
    0.31130434782608696,
    0.314459049544995,
    0.29657122658183105,
    0.3300653594771242,
    0.32408557625948925,
    0.32281898266552994,
    0.29054520358868186,
    0.3024897807506503,
    0.33320946364424625,
    0.36479321314952284,
    0.29221435793731043,
    0.3403939056112969,
    0.34142838490664573
  ],
  "min": [
    0.30434782608695654,
    0.30434782608695654,
    0.26570048309178745,
    0.26570048309178745,
    0.26570048309178745,
    0.26570048309178745,
    0.26570048309178745,
    0.26570048309178745,
    0.24154589371980675,
    0.24154589371980675,
    0.24154589371980675,
    0.24154589371980675,
    0.24154589371980675,
    0.24154589371980675,
    0.24154589371980675,
    0.24154589371980675,
    0.24154589371980675,
    0.24154589371980675,
    0.23671497584541062,
    0.23671497584541062,
    0.23671497584541062
  ],
  "std": [
    0.08435889275586893,
    0.08456176420112489,
    0.09161602256487943,
    0.09813305449734973,
    0.06900899543820477,
    0.0849107596410723,
    0.08272114238889693,
    0.1393317185307731,
    0.11331632294268965,
    0.10193129667220248,
    0.11378075752376134,
    0.1399628987622645,
    0.1364650146294034,
    0.12932213910719137,
    0.10685048609093428,
    0.10312313426985953,
    0.13595622430712764,
    0.16676225676721976,
    0.08474622956861474,
    0.1305097533961264,
    0.14100561905859743
  ],
  "fitness_test": [
    null,
    0.25555555555555554,
    0.23333333333333334,
    0.23333333333333334,
    0.23333333333333334,
    0.23333333333333334,
    0.23333333333333334,
    0.23333333333333334,
    0.2222222222222222,
    0.2222222222222222,
    0.2222222222222222,
    0.2222222222222222,
    0.2222222222222222,
    0.2222222222222222,
    0.2222222222222222,
    0.2222222222222222,
    0.2222222222222222,
    0.2222222222222222,
    0.2111111111111111,
    0.2111111111111111,
    0.2111111111111111
  ],
  "best_phenotype": "or_(or_(x[21],x[6]),x[24])",
  "best_training_fitness": 0.23671497584541062,
  "best_depth": 5,
  "best_genome_length": 15,
  "best_used_codons": 0.5333333333333333,
  "timestamp": "2025-09-14T08:17:12.503156+00:00"
}