{
  "config": {
    "experiment_name": "Experiment_3",
    "dataset": "processed.cleveland.data",
    "grammar": "heartDisease.bnf",
    "fitness_metric": "mae",
    "fitness_direction": -1,
    "n_runs": 3,
    "generations": 20,
    "population": 50,
    "p_crossover": 0.8,
    "p_mutation": 0.12,
    "elite_size": 1,
    "tournsize": 7,
    "halloffame_size": 1,
    "max_tree_depth": 35,
    "min_init_tree_depth": 4,
    "max_init_tree_depth": 13,
    "min_init_genome_length": 95,
    "max_init_genome_length": 115,
    "codon_size": 255,
    "codon_consumption": "lazy",
    "genome_representation": "list",
    "initialisation": "sensible",
    "random_seed": 45,
    "label_column": null,
    "test_size": 0.3,
    "report_items": [
      "gen",
      "invalid",
      "avg",
      "std",
      "min",
      "max",
      "fitness_test",
      "best_ind_length",
      "avg_length",
      "best_ind_nodes",
      "avg_nodes",
      "best_ind_depth",
      "avg_depth",
      "avg_used_codons",
      "best_ind_used_codons",
      "structural_diversity",
      "fitness_diversity",
      "selection_time",
      "generation_time"
    ],
    "created_at": "2025-09-14T10:32:39.787921"
  },
  "report_items": [
    "gen",
    "invalid",
    "avg",
    "std",
    "min",
    "max",
    "fitness_test",
    "best_ind_length",
    "avg_length",
    "best_ind_nodes",
    "avg_nodes",
    "best_ind_depth",
    "avg_depth",
    "avg_used_codons",
    "best_ind_used_codons",
    "structural_diversity",
    "fitness_diversity",
    "selection_time",
    "generation_time"
  ],
  "max": [
    0.7584541062801933,
    0.7632850241545893,
    0.6859903381642513,
    0.6714975845410628,
    0.6859903381642513,
    0.6859903381642513,
    0.6859903381642513,
    0.7632850241545893,
    0.7681159420289855,
    0.7681159420289855,
    0.7681159420289855,
    0.7681159420289855,
    0.7681159420289855,
    0.7777777777777778,
    0.7681159420289855,
    0.7681159420289855,
    0.7681159420289855,
    0.7681159420289855,
    0.7681159420289855,
    0.7342995169082126,
    0.7681159420289855
  ],
  "avg": [
    0.5080193236714976,
    0.4458247066942719,
    0.47233201581027673,
    0.4614947428246661,
    0.41935483870967744,
    0.3824154589371981,
    0.4399585921325052,
    0.4216988727858293,
    0.3250301932367149,
    0.36182336182336183,
    0.3841311667398624,
    0.3769536800227337,
    0.35378421900161033,
    0.37315894898079416,
    0.4052748400574487,
    0.38063138973149085,
    0.38195757193866836,
    0.3719806763285024,
    0.38460693895476505,
    0.33766877245138116,
    0.3743961352657004
  ],
  "min": [
    0.3526570048309179,
    0.3140096618357488,
    0.2560386473429952,
    0.2560386473429952,
    0.23671497584541062,
    0.23671497584541062,
    0.2318840579710145,
    0.2318840579710145,
    0.2222222222222222,
    0.2222222222222222,
    0.2222222222222222,
    0.2222222222222222,
    0.2222222222222222,
    0.2222222222222222,
    0.2222222222222222,
    0.2222222222222222,
    0.2222222222222222,
    0.2222222222222222,
    0.2222222222222222,
    0.2222222222222222,
    0.2222222222222222
  ],
  "std": [
    0.07983366216862135,
    0.140766450044695,
    0.11083324192293073,
    0.12443019143933942,
    0.1280989479246052,
    0.13319799895011794,
    0.1369918974753957,
    0.17292323878280041,
    0.1604291856023222,
    0.18615088079791342,
    0.1848766961205056,
    0.18974352327302152,
    0.15588069426434598,
    0.19694445841775868,
    0.1887946940057677,
    0.1852657719326035,
    0.18733207844633898,
    0.1850384247388478,
    0.1870530581741683,
    0.15687488499233668,
    0.20125662943512868
  ],
  "fitness_test": [
    null,
    0.34444444444444444,
    0.26666666666666666,
    0.26666666666666666,
    0.34444444444444444,
    0.34444444444444444,
    0.3111111111111111,
    0.3111111111111111,
    0.34444444444444444,
    0.34444444444444444,
    0.34444444444444444,
    0.34444444444444444,
    0.34444444444444444,
    0.34444444444444444,
    0.34444444444444444,
    0.34444444444444444,
    0.34444444444444444,
    0.34444444444444444,
    0.34444444444444444,
    0.34444444444444444,
    0.34444444444444444
  ],
  "best_phenotype": "not_(and_(or_(not_(not_(or_(x[15],x[17]))),x[18]),or_(and_(x[13],x[13]),or_(x[17],or_(x[4],x[18])))))",
  "best_training_fitness": 0.2222222222222222,
  "best_depth": 9,
  "best_genome_length": 37,
  "best_used_codons": 0.7027027027027027,
  "timestamp": "2025-09-14T09:32:40.908310+00:00"
}