{
  "config": {
    "experiment_name": "Experiment_3",
    "dataset": "processed.cleveland.data",
    "grammar": "heartDisease.bnf",
    "fitness_metric": "mae",
    "n_runs": 3,
    "generations": 50,
    "population": 50,
    "p_crossover": 0.8,
    "p_mutation": 0.09,
    "elite_size": 1,
    "tournsize": 7,
    "halloffame_size": 1,
    "max_tree_depth": 35,
    "min_init_tree_depth": 4,
    "max_init_tree_depth": 13,
    "min_init_genome_length": 95,
    "max_init_genome_length": 115,
    "codon_size": 255,
    "codon_consumption": "lazy",
    "genome_representation": "list",
    "initialisation": "sensible",
    "random_seed": 43,
    "label_column": null,
    "test_size": 0.3,
    "report_items": [
      "gen",
      "invalid",
      "avg",
      "std",
      "min",
      "max",
      "fitness_test",
      "best_ind_length",
      "avg_length",
      "best_ind_nodes",
      "avg_nodes",
      "best_ind_depth",
      "avg_depth",
      "avg_used_codons",
      "best_ind_used_codons",
      "structural_diversity",
      "fitness_diversity",
      "selection_time",
      "generation_time"
    ],
    "created_at": "2025-09-06T14:22:23.883955"
  },
  "report_items": [
    "gen",
    "invalid",
    "avg",
    "std",
    "min",
    "max",
    "fitness_test",
    "best_ind_length",
    "avg_length",
    "best_ind_nodes",
    "avg_nodes",
    "best_ind_depth",
    "avg_depth",
    "avg_used_codons",
    "best_ind_used_codons",
    "structural_diversity",
    "fitness_diversity",
    "selection_time",
    "generation_time"
  ],
  "max": [
    0.7632850241545893,
    0.6231884057971014,
    0.45893719806763283,
    0.7632850241545893,
    0.7632850241545893,
    0.7342995169082126,
    0.748792270531401,
    0.7632850241545893,
    0.7342995169082126,
    0.7342995169082126,
    0.7632850241545893,
    0.6811594202898551,
    0.7342995169082126,
    0.7632850241545893,
    0.7342995169082126,
    0.748792270531401,
    0.748792270531401,
    0.7342995169082126,
    0.7342995169082126,
    0.7342995169082126,
    0.748792270531401,
    0.7342995169082126,
    0.7342995169082126,
    0.7004830917874396,
    0.7342995169082126,
    0.748792270531401,
    0.7342995169082126,
    0.7342995169082126,
    0.5603864734299517,
    0.7729468599033816,
    0.7342995169082126,
    0.7342995169082126,
    0.748792270531401,
    0.642512077294686,
    0.7342995169082126,
    0.7536231884057971,
    0.7342995169082126,
    0.7101449275362319,
    0.7342995169082126,
    0.748792270531401,
    0.7342995169082126,
    0.7342995169082126,
    0.7632850241545893,
    0.7342995169082126,
    0.7342995169082126,
    0.7342995169082126,
    0.7342995169082126,
    0.7632850241545893,
    0.7632850241545893,
    0.748792270531401,
    0.7777777777777778
  ],
  "avg": [
    0.506183574879227,
    0.41441441441441446,
    0.3202678963548529,
    0.30998389694041867,
    0.3249275362318841,
    0.3060869565217392,
    0.3134299516908213,
    0.3164765135162915,
    0.29497584541062805,
    0.29655920339150155,
    0.332259796027912,
    0.32367149758454106,
    0.3294274848391407,
    0.37158631568569467,
    0.32328502415458943,
    0.37829044661342803,
    0.37149758454106285,
    0.32386473429951684,
    0.30792270531400967,
    0.31700483091787446,
    0.3610628019323671,
    0.3248309178743961,
    0.367536231884058,
    0.34570048309178747,
    0.3345893719806763,
    0.34705314009661836,
    0.3229951690821256,
    0.3570048309178743,
    0.3121739130434783,
    0.3659903381642512,
    0.3565217391304348,
    0.36676328502415456,
    0.32512077294685987,
    0.3196135265700483,
    0.3743961352657005,
    0.3444444444444445,
    0.35072463768115947,
    0.33826086956521734,
    0.3595169082125604,
    0.35323671497584536,
    0.3623188405797101,
    0.3228019323671497,
    0.38714975845410626,
    0.3356521739130434,
    0.3282125603864734,
    0.35884057971014494,
    0.3514975845410628,
    0.3671497584541062,
    0.38280193236714977,
    0.37304347826086953,
    0.3947826086956522
  ],
  "min": [
    0.30434782608695654,
    0.27053140096618356,
    0.26570048309178745,
    0.26570048309178745,
    0.26570048309178745,
    0.26570048309178745,
    0.26570048309178745,
    0.26570048309178745,
    0.26570048309178745,
    0.2608695652173913,
    0.2608695652173913,
    0.2608695652173913,
    0.2463768115942029,
    0.2318840579710145,
    0.2318840579710145,
    0.22705314009661837,
    0.22705314009661837,
    0.22705314009661837,
    0.22705314009661837,
    0.22705314009661837,
    0.22705314009661837,
    0.22705314009661837,
    0.2028985507246377,
    0.2028985507246377,
    0.2028985507246377,
    0.2028985507246377,
    0.2028985507246377,
    0.2028985507246377,
    0.2028985507246377,
    0.2028985507246377,
    0.2028985507246377,
    0.2028985507246377,
    0.2028985507246377,
    0.2028985507246377,
    0.2028985507246377,
    0.2028985507246377,
    0.2028985507246377,
    0.2028985507246377,
    0.2028985507246377,
    0.2028985507246377,
    0.2028985507246377,
    0.2028985507246377,
    0.2028985507246377,
    0.2028985507246377,
    0.2028985507246377,
    0.19806763285024154,
    0.19806763285024154,
    0.19806763285024154,
    0.19806763285024154,
    0.19806763285024154,
    0.19806763285024154
  ],
  "std": [
    0.08435889275586893,
    0.09358830880105336,
    0.05418366409089345,
    0.0882239740658101,
    0.12335712609995284,
    0.08783113562547092,
    0.1145432530959273,
    0.12229840331693599,
    0.09280096416668965,
    0.10396415422236631,
    0.1299503494469854,
    0.11447230312294299,
    0.11298187055520179,
    0.14382848157507164,
    0.1253652136346311,
    0.15657371575824744,
    0.15413656510380672,
    0.13128710611151898,
    0.13082714291837505,
    0.12156221329271329,
    0.15982618508177307,
    0.128067842414595,
    0.1490988747670936,
    0.12893089002693106,
    0.1375202381894748,
    0.15359997393949074,
    0.12198047543868279,
    0.1560386473429952,
    0.10687095364413053,
    0.16357507896954854,
    0.14519138623098174,
    0.14709439707677663,
    0.1373859025824098,
    0.11640551481639719,
    0.14551972410909308,
    0.14429572425629023,
    0.13517250067329378,
    0.13986817957320213,
    0.14287463911021844,
    0.16601957979457205,
    0.15448365950762266,
    0.12250998184708835,
    0.1634050669278258,
    0.14060955574081066,
    0.14082572228812112,
    0.14239998867200454,
    0.15081614960082892,
    0.16145098106338987,
    0.17347922274556196,
    0.15839898298868876,
    0.17609484883209728
  ],
  "fitness_test": [
    null,
    0.18888888888888888,
    0.23333333333333334,
    0.23333333333333334,
    0.23333333333333334,
    0.23333333333333334,
    0.23333333333333334,
    0.23333333333333334,
    0.23333333333333334,
    0.23333333333333334,
    0.23333333333333334,
    0.23333333333333334,
    0.23333333333333334,
    0.24444444444444444,
    0.24444444444444444,
    0.23333333333333334,
    0.23333333333333334,
    0.23333333333333334,
    0.23333333333333334,
    0.23333333333333334,
    0.23333333333333334,
    0.23333333333333334,
    0.24444444444444444,
    0.24444444444444444,
    0.24444444444444444,
    0.24444444444444444,
    0.24444444444444444,
    0.24444444444444444,
    0.24444444444444444,
    0.24444444444444444,
    0.24444444444444444,
    0.24444444444444444,
    0.24444444444444444,
    0.24444444444444444,
    0.24444444444444444,
    0.24444444444444444,
    0.24444444444444444,
    0.24444444444444444,
    0.24444444444444444,
    0.24444444444444444,
    0.24444444444444444,
    0.24444444444444444,
    0.24444444444444444,
    0.24444444444444444,
    0.24444444444444444,
    0.18888888888888888,
    0.18888888888888888,
    0.18888888888888888,
    0.18888888888888888,
    0.18888888888888888,
    0.18888888888888888
  ],