{
  "config": {
    "experiment_name": "Experiment_1",
    "dataset": "processed.cleveland.data",
    "grammar": "heartDisease.bnf",
    "fitness_metric": "mae",
    "fitness_direction": -1,
    "n_runs": 3,
    "generations": 20,
    "population": 50,
    "p_crossover": 0.8,
    "p_mutation": 0.13,
    "elite_size": 1,
    "tournsize": 7,
    "halloffame_size": 1,
    "max_tree_depth": 35,
    "min_init_tree_depth": 4,
    "max_init_tree_depth": 13,
    "min_init_genome_length": 95,
    "max_init_genome_length": 115,
    "codon_size": 255,
    "codon_consumption": "lazy",
    "genome_representation": "list",
    "initialisation": "sensible",
    "random_seed": 45,
    "label_column": null,
    "test_size": 0.3,
    "report_items": [
      "gen",
      "invalid",
      "avg",
      "std",
      "min",
      "max",
      "fitness_test",
      "best_ind_length",
      "avg_length",
      "best_ind_nodes",
      "avg_nodes",
      "best_ind_depth",
      "avg_depth",
      "avg_used_codons",
      "best_ind_used_codons",
      "structural_diversity",
      "fitness_diversity",
      "selection_time",
      "generation_time"
    ],
    "created_at": "2025-09-14T09:16:45.228163"
  },
  "report_items": [
    "gen",
    "invalid",
    "avg",
    "std",
    "min",
    "max",
    "fitness_test",
    "best_ind_length",
    "avg_length",
    "best_ind_nodes",
    "avg_nodes",
    "best_ind_depth",
    "avg_depth",
    "avg_used_codons",
    "best_ind_used_codons",
    "structural_diversity",
    "fitness_diversity",
    "selection_time",
    "generation_time"
  ],
  "max": [
    0.7584541062801933,
    0.7246376811594203,
    0.7681159420289855,
    0.7922705314009661,
    0.7681159420289855,
    0.7342995169082126,
    0.7342995169082126,
    0.7922705314009661,
    0.7342995169082126,
    0.7922705314009661,
    0.7246376811594203,
    0.5507246376811594,
    0.7681159420289855,
    0.7922705314009661,
    0.7342995169082126,
    0.7681159420289855,
    0.7971014492753623,
    0.7342995169082126,
    0.7342995169082126,
    0.8115942028985508,
    0.7681159420289855
  ],
  "avg": [
    0.5080193236714976,
    0.44720496894409933,
    0.47508626639061424,
    0.4214265416311452,
    0.4684684684684685,
    0.4255233494363929,
    0.37860082304526754,
    0.49239577741993196,
    0.44614947428246665,
    0.37276406841624227,
    0.37635869565217395,
    0.3697377501725328,
    0.38783212560386476,
    0.3953804347826087,
    0.3733432429084603,
    0.41557971014492756,
    0.45527236381809094,
    0.4487756121939031,
    0.463768115942029,
    0.42572463768115937,
    0.39826655299801084
  ],
  "min": [
    0.3526570048309179,
    0.3526570048309179,
    0.21256038647342995,
    0.21256038647342995,
    0.21256038647342995,
    0.21256038647342995,
    0.2028985507246377,
    0.19806763285024154,
    0.19806763285024154,
    0.19806763285024154,
    0.18840579710144928,
    0.18840579710144928,
    0.18840579710144928,
    0.18840579710144928,
    0.18840579710144928,
    0.18840579710144928,
    0.18840579710144928,
    0.18840579710144928,
    0.18840579710144928,
    0.18840579710144928,
    0.18840579710144928
  ],
  "std": [
    0.07983366216862135,
    0.11846960627699886,
    0.14306110270517577,
    0.1516805890283664,
    0.1793990686953756,
    0.16418163014347756,
    0.15075163511734244,
    0.16461877728053634,
    0.1517928821577837,
    0.1509290243381636,
    0.13669427310666202,
    0.12745805935249868,
    0.18224007143828946,
    0.18475541058005673,
    0.15240210935374465,
    0.16429200793344187,
    0.16093833580702965,
    0.13945088235566344,
    0.1588777181920345,
    0.15495103188717532,
    0.1718971254420684
  ],
  "fitness_test": [
    null,
    0.2222222222222222,
    0.25555555555555554,
    0.25555555555555554,
    0.25555555555555554,
    0.25555555555555554,
    0.28888888888888886,
    0.2,
    0.2,
    0.2,
    0.2111111111111111,
    0.2111111111111111,
    0.2111111111111111,
    0.2111111111111111,
    0.2111111111111111,
    0.2111111111111111,
    0.2111111111111111,
    0.2111111111111111,
    0.2111111111111111,
    0.2111111111111111,
    0.2111111111111111
  ],
  "best_phenotype": "not_(and_(or_(x[18],and_(or_(x[23],greater_than_or_equal(89.36, x[3])),x[10])),not_(x[24])))",
  "best_training_fitness": 0.18840579710144928,
  "best_depth": 11,
  "best_genome_length": 48,
  "best_used_codons": 0.5,
  "timestamp": "2025-09-14T08:16:46.611348+00:00"
}