{
  "config": {
    "experiment_name": "Experiment_20250914_0932",
    "dataset": "processed.cleveland.data",
    "grammar": "heartDisease.bnf",
    "fitness_metric": "mae",
    "fitness_direction": -1,
    "n_runs": 3,
    "generations": 20,
    "population": 50,
    "p_crossover": 0.8,
    "p_mutation": 0.11,
    "elite_size": 1,
    "tournsize": 11,
    "halloffame_size": 1,
    "max_tree_depth": 35,
    "min_init_tree_depth": 4,
    "max_init_tree_depth": 13,
    "min_init_genome_length": 95,
    "max_init_genome_length": 115,
    "codon_size": 255,
    "codon_consumption": "lazy",
    "genome_representation": "list",
    "initialisation": "sensible",
    "random_seed": 45,
    "label_column": null,
    "test_size": 0.3,
    "report_items": [
      "gen",
      "invalid",
      "avg",
      "std",
      "min",
      "max",
      "fitness_test",
      "best_ind_length",
      "avg_length",
      "best_ind_nodes",
      "avg_nodes",
      "best_ind_depth",
      "avg_depth",
      "avg_used_codons",
      "best_ind_used_codons",
      "structural_diversity",
      "fitness_diversity",
      "selection_time",
      "generation_time"
    ],
    "created_at": "2025-09-14T09:32:02.255570"
  },
  "report_items": [
    "gen",
    "invalid",
    "avg",
    "std",
    "min",
    "max",
    "fitness_test",
    "best_ind_length",
    "avg_length",
    "best_ind_nodes",
    "avg_nodes",
    "best_ind_depth",
    "avg_depth",
    "avg_used_codons",
    "best_ind_used_codons",
    "structural_diversity",
    "fitness_diversity",
    "selection_time",
    "generation_time"
  ],
  "max": [
    0.7632850241545893,
    0.7632850241545893,
    0.7632850241545893,
    0.7342995169082126,
    0.7632850241545893,
    0.7342995169082126,
    0.6038647342995169,
    0.7342995169082126,
    0.7342995169082126,
    0.7342995169082126,
    0.748792270531401,
    0.7342995169082126,
    0.6811594202898551,
    0.7632850241545893,
    0.7342995169082126,
    0.6763285024154589,
    0.7342995169082126,
    0.7342995169082126,
    0.7342995169082126,
    0.7342995169082126,
    0.7342995169082126
  ],
  "avg": [
    0.506183574879227,
    0.38353287124553676,
    0.3241009125067096,
    0.3060281453476161,
    0.3289049919484703,
    0.3191304347826088,
    0.29320713792763486,
    0.29962192816635164,
    0.3084742351046699,
    0.2921163531709323,
    0.2891963109354414,
    0.3129251700680273,
    0.311131668208449,
    0.3070652173913044,
    0.3370907139023081,
    0.2953929539295393,
    0.3511198945981554,
    0.3308617009324795,
    0.3200214707461084,
    0.35450714359132485,
    0.3386674718196456
  ],
  "min": [
    0.30434782608695654,
    0.26570048309178745,
    0.26570048309178745,
    0.26570048309178745,
    0.26570048309178745,
    0.26570048309178745,
    0.26570048309178745,
    0.26570048309178745,
    0.26570048309178745,
    0.26570048309178745,
    0.26570048309178745,
    0.26570048309178745,
    0.24154589371980675,
    0.24154589371980675,
    0.24154589371980675,
    0.24154589371980675,
    0.23671497584541062,
    0.23671497584541062,
    0.23671497584541062,
    0.23671497584541062,
    0.23671497584541062
  ],
  "std": [
    0.08435889275586893,
    0.11535188260814566,
    0.09059497296908,
    0.08454986836432096,
    0.11559274301678182,
    0.12995226550166555,
    0.07381631724984836,
    0.09593059736599917,
    0.08876052737034211,
    0.08047873879585464,
    0.08243239417165188,
    0.11339282946973737,
    0.09655491582714079,
    0.12377471793395332,
    0.13857200243303947,
    0.09964940985549751,
    0.1513710783832216,
    0.12514227357712554,
    0.1339370199244263,
    0.16039239646270304,
    0.15115845914454398
  ],
  "fitness_test": [
    null,
    0.23333333333333334,
    0.23333333333333334,
    0.23333333333333334,
    0.23333333333333334,
    0.23333333333333334,
    0.23333333333333334,
    0.23333333333333334,
    0.23333333333333334,
    0.23333333333333334,
    0.23333333333333334,
    0.23333333333333334,
    0.24444444444444444,
    0.24444444444444444,
    0.24444444444444444,
    0.24444444444444444,
    0.23333333333333334,
    0.23333333333333334,
    0.23333333333333334,
    0.23333333333333334,
    0.23333333333333334
  ],
  "best_phenotype": "or_(x[23],x[24])",
  "best_training_fitness": 0.23671497584541062,
  "best_depth": 4,
  "best_genome_length": 12,
  "best_used_codons": 0.4166666666666667,
  "timestamp": "2025-09-14T08:32:04.058438+00:00"
}