{
  "config": {
    "experiment_name": "Experiment_2",
    "dataset": "processed.cleveland.data",
    "grammar": "heartDisease.bnf",
    "fitness_metric": "mae",
    "n_runs": 3,
    "generations": 50,
    "population": 50,
    "p_crossover": 0.8,
    "p_mutation": 0.12,
    "elite_size": 1,
    "tournsize": 7,
    "halloffame_size": 1,
    "max_tree_depth": 35,
    "min_init_tree_depth": 4,
    "max_init_tree_depth": 13,
    "min_init_genome_length": 95,
    "max_init_genome_length": 115,
    "codon_size": 255,
    "codon_consumption": "lazy",
    "genome_representation": "list",
    "initialisation": "sensible",
    "random_seed": 43,
    "label_column": null,
    "test_size": 0.3,
    "report_items": [
      "gen",
      "invalid",
      "avg",
      "std",
      "min",
      "max",
      "fitness_test",
      "best_ind_length",
      "avg_length",
      "best_ind_nodes",
      "avg_nodes",
      "best_ind_depth",
      "avg_depth",
      "avg_used_codons",
      "best_ind_used_codons",
      "structural_diversity",
      "fitness_diversity",
      "selection_time",
      "generation_time"
    ],
    "created_at": "2025-09-06T12:36:21.469481"
  },
  "report_items": [
    "gen",
    "invalid",
    "avg",
    "std",
    "min",
    "max",
    "fitness_test",
    "best_ind_length",
    "avg_length",
    "best_ind_nodes",
    "avg_nodes",
    "best_ind_depth",
    "avg_depth",
    "avg_used_codons",
    "best_ind_used_codons",
    "structural_diversity",
    "fitness_diversity",
    "selection_time",
    "generation_time"
  ],
  "max": [
    0.7632850241545893,
    0.7632850241545893,
    0.748792270531401,
    0.7632850241545893,
    0.7729468599033816,
    0.6328502415458938,
    0.7632850241545893,
    0.7391304347826086,
    0.6183574879227053,
    0.748792270531401,
    0.7004830917874396,
    0.7632850241545893,
    0.7536231884057971,
    0.7101449275362319,
    0.748792270531401,
    0.748792270531401,
    0.748792270531401,
    0.7342995169082126,
    0.7342995169082126,
    0.748792270531401,
    0.748792270531401,
    0.748792270531401,
    0.748792270531401,
    0.748792270531401,
    0.7004830917874396,
    0.748792270531401,
    0.748792270531401,
    0.748792270531401,
    0.748792270531401,
    0.7391304347826086,
    0.748792270531401,
    0.748792270531401,
    0.748792270531401,
    0.7584541062801933,
    0.7294685990338164,
    0.748792270531401,
    0.7342995169082126,
    0.7391304347826086,
    0.748792270531401,
    0.7922705314009661,
    0.7342995169082126,
    0.748792270531401,
    0.748792270531401,
    0.748792270531401,
    0.7342995169082126,
    0.748792270531401,
    0.7342995169082126,
    0.5893719806763285,
    0.7922705314009661,
    0.782608695652174,
    0.7729468599033816
  ],
  "avg": [
    0.506183574879227,
    0.43465873900656504,
    0.38353287124553676,
    0.36277892799631933,
    0.36219806763285023,
    0.3164904034469252,
    0.3490011750881316,
    0.39119699409554476,
    0.3325705568268498,
    0.38255646951299127,
    0.3501207729468599,
    0.3896547661128785,
    0.4443320975171329,
    0.37643998513563726,
    0.38768115942028986,
    0.42606595253098084,
    0.41486980087192166,
    0.36419753086419754,
    0.3536479623436145,
    0.4663794229011619,
    0.44698067632850236,
    0.4082125603864735,
    0.39420289855072466,
    0.38743961352657,
    0.40024154589371974,
    0.39287113200156676,
    0.45215090867264773,
    0.3667471819645733,
    0.3181696188942566,
    0.36078708613173094,
    0.4511418533157663,
    0.40519323671497587,
    0.45929951690821247,
    0.3739130434782609,
    0.3623188405797102,
    0.3981693363844394,
    0.38533674339300944,
    0.400141392718275,
    0.4030552291421857,
    0.4253564274773181,
    0.3809837505489679,
    0.43101213620831863,
    0.3673974978322805,
    0.3995677599796593,
    0.37425404944586527,
    0.3688839341013254,
    0.42632850241545883,
    0.33922101449275366,
    0.34669887278582934,
    0.3999414434197043,
    0.3900576593423718
  ],
  "min": [
    0.30434782608695654,
    0.26570048309178745,
    0.26570048309178745,
    0.24154589371980675,
    0.24154589371980675,
    0.22705314009661837,
    0.21739130434782608,
    0.21739130434782608,
    0.21739130434782608,
    0.21739130434782608,
    0.21739130434782608,
    0.21739130434782608,
    0.21739130434782608,
    0.21739130434782608,
    0.21739130434782608,
    0.21739130434782608,
    0.21739130434782608,
    0.21739130434782608,
    0.21739130434782608,
    0.21739130434782608,
    0.21739130434782608,
    0.21739130434782608,
    0.21739130434782608,
    0.21739130434782608,
    0.21739130434782608,
    0.21739130434782608,
    0.21739130434782608,
    0.21739130434782608,
    0.21739130434782608,
    0.21739130434782608,
    0.21739130434782608,
    0.21739130434782608,
    0.21739130434782608,
    0.21739130434782608,
    0.21739130434782608,
    0.21739130434782608,
    0.21739130434782608,
    0.21739130434782608,
    0.21739130434782608,
    0.21739130434782608,
    0.21739130434782608,
    0.21739130434782608,
    0.21739130434782608,
    0.21739130434782608,
    0.21739130434782608,
    0.21739130434782608,
    0.21739130434782608,
    0.21739130434782608,
    0.21739130434782608,
    0.21739130434782608,
    0.21739130434782608
  ],
  "std": [
    0.08435889275586893,
    0.10561647182794705,
    0.11486264286474139,
    0.1254259393637044,
    0.12666537463827723,
    0.09743499780999212,
    0.12600198740600746,
    0.17337690631693276,
    0.14195842549118892,
    0.18019314163620667,
    0.15319033106802535,
    0.17488440146867015,
    0.18677398752655414,
    0.1534407993255803,
    0.18661845184842493,
    0.17926721541872345,
    0.17891487286788527,
    0.15938888489193123,
    0.16244951285246234,
    0.1717437151990804,
    0.17427829164497707,
    0.1778046871043722,
    0.1801067182765836,
    0.17149146073301477,
    0.1584789585200165,
    0.17052174349538934,
    0.19142542962287692,
    0.15983604840643326,
    0.15600097251106995,
    0.1801963767191314,
    0.18987305180459293,
    0.17596145869471833,
    0.20213332666221084,
    0.16740646563290135,
    0.15910040710134393,
    0.1927359121283039,
    0.17711235390434765,
    0.19686675947619373,
    0.15938483758152033,
    0.18089789447508278,
    0.1695507368727066,
    0.1644296267390619,
    0.15459691514309346,
    0.1622002486771216,
    0.16208996881356813,
    0.15974272757322566,
    0.1667812740450019,
    0.14568408799764596,
    0.15819901766642008,
    0.18899516155995622,
    0.15550205752521168
  ],
  "fitness_test": [
    null,
    0.24444444444444444,
    0.24444444444444444,
    0.2222222222222222,
    0.2222222222222222,
    0.24444444444444444,
    0.24444444444444444,
    0.24444444444444444,
    0.24444444444444444,
    0.24444444444444444,
    0.24444444444444444,
    0.24444444444444444,
    0.24444444444444444,
    0.24444444444444444,
    0.24444444444444444,
    0.24444444444444444,
    0.24444444444444444,
    0.24444444444444444,
    0.24444444444444444,
    0.24444444444444444,
    0.24444444444444444,
    0.24444444444444444,
    0.24444444444444444,
    0.24444444444444444,
    0.24444444444444444,
    0.24444444444444444,
    0.24444444444444444,
    0.24444444444444444,
    0.24444444444444444,
    0.24444444444444444,
    0.24444444444444444,
    0.24444444444444444,
    0.24444444444444444,
    0.24444444444444444,
    0.24444444444444444,
    0.24444444444444444,
    0.24444444444444444,
    0.24444444444444444,
    0.24444444444444444,
    0.24444444444444444,
    0.24444444444444444,
    0.24444444444444444,
    0.24444444444444444,
    0.24444444444444444,
    0.24444444444444444,
    0.24444444444444444,
    0.24444444444444444,
    0.24444444444444444,
    0.24444444444444444,
    0.24444444444444444,
    0.24444444444444444
  ],
  "best_phenotype": "or_(not_(x[18]),x[24])",
  "best_training_fitness": 0.21739130434782608,
  "best_depth": 5,