{
  "config": {
    "experiment_name": "Experiment_1",
    "dataset": "processed.cleveland.data",
    "grammar": "heartDisease.bnf",
    "fitness_metric": "mae",
    "fitness_direction": -1,
    "n_runs": 3,
    "generations": 20,
    "population": 50,
    "p_crossover": 0.8,
    "p_mutation": 0.13,
    "elite_size": 1,
    "tournsize": 7,
    "halloffame_size": 1,
    "max_tree_depth": 35,
    "min_init_tree_depth": 4,
    "max_init_tree_depth": 13,
    "min_init_genome_length": 95,
    "max_init_genome_length": 115,
    "codon_size": 255,
    "codon_consumption": "lazy",
    "genome_representation": "list",
    "initialisation": "sensible",
    "random_seed": 45,
    "label_column": null,
    "test_size": 0.3,
    "report_items": [
      "gen",
      "invalid",
      "avg",
      "std",
      "min",
      "max",
      "fitness_test",
      "best_ind_length",
      "avg_length",
      "best_ind_nodes",
      "avg_nodes",
      "best_ind_depth",
      "avg_depth",
      "avg_used_codons",
      "best_ind_used_codons",
      "structural_diversity",
      "fitness_diversity",
      "selection_time",
      "generation_time"
    ],
    "created_at": "2025-09-14T09:16:45.228163"
  },
  "report_items": [
    "gen",
    "invalid",
    "avg",
    "std",
    "min",
    "max",
    "fitness_test",
    "best_ind_length",
    "avg_length",
    "best_ind_nodes",
    "avg_nodes",
    "best_ind_depth",
    "avg_depth",
    "avg_used_codons",
    "best_ind_used_codons",
    "structural_diversity",
    "fitness_diversity",
    "selection_time",
    "generation_time"
  ],
  "max": [
    0.7632850241545893,
    0.7632850241545893,
    0.7632850241545893,
    0.7632850241545893,
    0.748792270531401,
    0.6811594202898551,
    0.7632850241545893,
    0.45893719806763283,
    0.6811594202898551,
    0.45410628019323673,
    0.7632850241545893,
    0.7632850241545893,
    0.7632850241545893,
    0.48792270531400966,
    0.7294685990338164,
    0.6811594202898551,
    0.7342995169082126,
    0.7342995169082126,
    0.748792270531401,
    0.7632850241545893,
    0.7632850241545893
  ],
  "avg": [
    0.506183574879227,
    0.43998513563730957,
    0.3519500412395429,
    0.3553025074764205,
    0.32703213610586007,
    0.3208803005904455,
    0.3121364487824114,
    0.30035706784289007,
    0.32010081915563954,
    0.28145347616047045,
    0.3164251207729468,
    0.3265470439383482,
    0.31497584541062795,
    0.28775467338794364,
    0.3150375167026415,
    0.29583620887968715,
    0.2928884395011797,
    0.28859483301827354,
    0.2852598091198304,
    0.30434782608695654,
    0.28255501878690287
  ],
  "min": [
    0.30434782608695654,
    0.30434782608695654,
    0.27053140096618356,
    0.27053140096618356,
    0.27053140096618356,
    0.27053140096618356,
    0.27053140096618356,
    0.27053140096618356,
    0.27053140096618356,
    0.27053140096618356,
    0.27053140096618356,
    0.27053140096618356,
    0.27053140096618356,
    0.26570048309178745,
    0.26570048309178745,
    0.26570048309178745,
    0.26570048309178745,
    0.26570048309178745,
    0.26570048309178745,
    0.26570048309178745,
    0.26570048309178745
  ],
  "std": [
    0.08435889275586893,
    0.12126190931350742,
    0.10592376244172637,
    0.12259133682318095,
    0.0992800232822708,
    0.09776819232180142,
    0.09234262027313918,
    0.06265881571333531,
    0.1009953476882703,
    0.04175728597511629,
    0.10812471116798117,
    0.13565153950463008,
    0.12343643791262823,
    0.052231566062887286,
    0.10752010439010688,
    0.08529070200703576,
    0.08412046985100119,
    0.07804869305451918,
    0.08038445121894644,
    0.10841557522664598,
    0.07685477487507596
  ],
  "fitness_test": [
    null,
    0.25555555555555554,
    0.18888888888888888,
    0.18888888888888888,
    0.18888888888888888,
    0.18888888888888888,
    0.18888888888888888,
    0.18888888888888888,
    0.18888888888888888,
    0.18888888888888888,
    0.18888888888888888,
    0.18888888888888888,
    0.18888888888888888,
    0.23333333333333334,
    0.23333333333333334,
    0.23333333333333334,
    0.23333333333333334,
    0.23333333333333334,
    0.23333333333333334,
    0.23333333333333334,
    0.23333333333333334
  ],
  "best_phenotype": "x[24]",
  "best_training_fitness": 0.26570048309178745,
  "best_depth": 3,
  "best_genome_length": 12,
  "best_used_codons": 0.16666666666666666,
  "timestamp": "2025-09-14T08:16:47.185607+00:00"
}