{
  "config": {
    "experiment_name": "Experiment_2",
    "dataset": "processed.cleveland.data",
    "grammar": "heartDisease.bnf",
    "fitness_metric": "mae",
    "n_runs": 3,
    "generations": 50,
    "population": 50,
    "p_crossover": 0.8,
    "p_mutation": 0.12,
    "elite_size": 1,
    "tournsize": 7,
    "halloffame_size": 1,
    "max_tree_depth": 35,
    "min_init_tree_depth": 4,
    "max_init_tree_depth": 13,
    "min_init_genome_length": 95,
    "max_init_genome_length": 115,
    "codon_size": 255,
    "codon_consumption": "lazy",
    "genome_representation": "list",
    "initialisation": "sensible",
    "random_seed": 44,
    "label_column": null,
    "test_size": 0.3,
    "report_items": [
      "gen",
      "invalid",
      "avg",
      "std",
      "min",
      "max",
      "fitness_test",
      "best_ind_length",
      "avg_length",
      "best_ind_nodes",
      "avg_nodes",
      "best_ind_depth",
      "avg_depth",
      "avg_used_codons",
      "best_ind_used_codons",
      "structural_diversity",
      "fitness_diversity",
      "selection_time",
      "generation_time"
    ],
    "created_at": "2025-09-06T12:36:21.469481"
  },
  "report_items": [
    "gen",
    "invalid",
    "avg",
    "std",
    "min",
    "max",
    "fitness_test",
    "best_ind_length",
    "avg_length",
    "best_ind_nodes",
    "avg_nodes",
    "best_ind_depth",
    "avg_depth",
    "avg_used_codons",
    "best_ind_used_codons",
    "structural_diversity",
    "fitness_diversity",
    "selection_time",
    "generation_time"
  ],
  "max": [
    0.5893719806763285,
    0.7681159420289855,
    0.7681159420289855,
    0.7681159420289855,
    0.7681159420289855,
    0.7632850241545893,
    0.7632850241545893,
    0.7632850241545893,
    0.7681159420289855,
    0.7632850241545893,
    0.7681159420289855,
    0.7681159420289855,
    0.7681159420289855,
    0.7681159420289855,
    0.7681159420289855,
    0.7632850241545893,
    0.7681159420289855,
    0.7632850241545893,
    0.7681159420289855,
    0.7681159420289855,
    0.7632850241545893,
    0.7681159420289855,
    0.7681159420289855,
    0.7681159420289855,
    0.7632850241545893,
    0.7681159420289855,
    0.7681159420289855,
    0.7681159420289855,
    0.7632850241545893,
    0.7681159420289855,
    0.7681159420289855,
    0.7681159420289855,
    0.7681159420289855,
    0.7681159420289855,
    0.7681159420289855,
    0.7632850241545893,
    0.7681159420289855,
    0.7681159420289855,
    0.7681159420289855,
    0.7632850241545893,
    0.7681159420289855,
    0.7681159420289855,
    0.7632850241545893,
    0.7681159420289855,
    0.7681159420289855,
    0.7681159420289855,
    0.7681159420289855,
    0.782608695652174,
    0.7681159420289855,
    0.7681159420289855,
    0.7681159420289855
  ],
  "avg": [
    0.4768115942028986,
    0.4558916194076874,
    0.4028326745718049,
    0.29363579080025204,
    0.3117709437963944,
    0.2973698336017176,
    0.2925802056236838,
    0.33031400966183566,
    0.40724637681159415,
    0.33404376243250916,
    0.3760064412238325,
    0.3310904071773636,
    0.3428646037341689,
    0.3920363050797833,
    0.29252479023646066,
    0.3368016846277715,
    0.3398616007311659,
    0.33526570048309173,
    0.3814961206265553,
    0.38083735909822863,
    0.26837020086448,
    0.3259527643585614,
    0.29141801648195503,
    0.3763161154465502,
    0.33360171765968866,
    0.34989648033126297,
    0.3192668371696504,
    0.3202208419599724,
    0.36017176596886735,
    0.37371485197572146,
    0.32037233415812416,
    0.37548309178743955,
    0.34230503795721184,
    0.33276499005399257,
    0.37842190016103056,
    0.3256038647342995,
    0.34272678475577023,
    0.3542237890063977,
    0.3242606339106869,
    0.3582125603864734,
    0.35265700483091783,
    0.3001060445387062,
    0.3146453089244851,
    0.3636991028295376,
    0.3881642512077294,
    0.35338164251207727,
    0.3385668276972625,
    0.35024154589371975,
    0.3705598181301506,
    0.30595813204508854,
    0.3516002415458937
  ],
  "min": [
    0.23671497584541062,
    0.23671497584541062,
    0.23671497584541062,
    0.2318840579710145,
    0.2318840579710145,
    0.2318840579710145,
    0.2318840579710145,
    0.2318840579710145,
    0.2318840579710145,
    0.2318840579710145,
    0.2318840579710145,
    0.2318840579710145,
    0.2318840579710145,
    0.2318840579710145,
    0.2318840579710145,
    0.2318840579710145,
    0.2318840579710145,
    0.2318840579710145,
    0.2318840579710145,
    0.2318840579710145,
    0.2318840579710145,
    0.2318840579710145,
    0.2318840579710145,
    0.2318840579710145,
    0.2318840579710145,
    0.2318840579710145,
    0.2318840579710145,
    0.2318840579710145,
    0.2318840579710145,
    0.2318840579710145,
    0.2318840579710145,
    0.2318840579710145,
    0.2318840579710145,
    0.2318840579710145,
    0.2318840579710145,
    0.2318840579710145,
    0.2318840579710145,
    0.2318840579710145,
    0.2318840579710145,
    0.2318840579710145,
    0.2318840579710145,
    0.2318840579710145,
    0.2318840579710145,
    0.2318840579710145,
    0.2318840579710145,
    0.21739130434782608,
    0.21739130434782608,
    0.21739130434782608,
    0.21739130434782608,
    0.21739130434782608,
    0.21739130434782608
  ],
  "std": [
    0.0716166263202066,
    0.1450792411061061,
    0.18234923553579932,
    0.1316963620148859,
    0.1618919182440677,
    0.15415870484242855,
    0.15774599427090916,
    0.1850025135235606,
    0.2365642492294084,
    0.18391531658705212,
    0.21989185456038182,
    0.1592868198357296,
    0.190291189679943,
    0.22299776584114617,
    0.13693844829682777,
    0.20685318306109707,
    0.19137771483374288,
    0.19007138348926372,
    0.22104314073894235,
    0.2192131568025051,
    0.1252694474767761,
    0.18484701360809913,
    0.15164737744607806,
    0.21783484178195786,
    0.17176743658793212,
    0.19671908985939185,
    0.1707439450112546,
    0.1718091103380056,
    0.19753487533559563,
    0.21125996354785442,
    0.16129076473961887,
    0.19351124068311407,
    0.19290450920991278,
    0.1896214984337617,
    0.21076253786763768,
    0.16885353768359657,
    0.19315935261799602,
    0.19916818382984833,
    0.19063045982529017,
    0.21042113559950434,
    0.19767842046449485,
    0.14765199717185182,
    0.15221596508559357,
    0.21267351098728995,
    0.21583595509933212,
    0.19177146771493653,
    0.1815486068236845,
    0.19959889445924842,
    0.21248458118870064,
    0.15128439974711994,
    0.18554960003859478
  ],
  "fitness_test": [
    null,
    0.3,
    0.3,
    0.24444444444444444,
    0.24444444444444444,
    0.24444444444444444,
    0.24444444444444444,
    0.24444444444444444,
    0.24444444444444444,
    0.24444444444444444,
    0.24444444444444444,
    0.24444444444444444,
    0.24444444444444444,
    0.24444444444444444,
    0.24444444444444444,
    0.24444444444444444,
    0.24444444444444444,
    0.24444444444444444,
    0.24444444444444444,
    0.24444444444444444,
    0.24444444444444444,
    0.24444444444444444,
    0.24444444444444444,
    0.24444444444444444,
    0.24444444444444444,
    0.24444444444444444,
    0.24444444444444444,
    0.24444444444444444,
    0.24444444444444444,
    0.24444444444444444,
    0.24444444444444444,
    0.24444444444444444,
    0.24444444444444444,
    0.24444444444444444,
    0.24444444444444444,
    0.24444444444444444,
    0.24444444444444444,
    0.24444444444444444,
    0.24444444444444444,
    0.24444444444444444,
    0.24444444444444444,
    0.24444444444444444,
    0.24444444444444444,
    0.24444444444444444,
    0.24444444444444444,
    0.3,
    0.3,
    0.3,
    0.3,
    0.3,
    0.3
  ],
  "best_phenotype": "not_(or_(x[22],or_(x[22],x[10])))",
  "best_training_fitness": 0.21739130434782608,
  "best_depth": 6,
  "best_genome_length": 12,
  "best_used_codons": 0.75,
  "timestamp": "2025-09-06T11:36:26.321122+00:00"
}