{
  "config": {
    "experiment_name": "Experiment_3",
    "dataset": "processed.cleveland.data",
    "grammar": "heartDisease.bnf",
    "fitness_metric": "mae",
    "n_runs": 3,
    "generations": 50,
    "population": 50,
    "p_crossover": 0.8,
    "p_mutation": 0.09,
    "elite_size": 1,
    "tournsize": 7,
    "halloffame_size": 1,
    "max_tree_depth": 35,
    "min_init_tree_depth": 4,
    "max_init_tree_depth": 13,
    "min_init_genome_length": 95,
    "max_init_genome_length": 115,
    "codon_size": 255,
    "codon_consumption": "lazy",
    "genome_representation": "list",
    "initialisation": "sensible",
    "random_seed": 42,
    "label_column": null,
    "test_size": 0.3,
    "report_items": [
      "gen",
      "invalid",
      "avg",
      "std",
      "min",
      "max",
      "fitness_test",
      "best_ind_length",
      "avg_length",
      "best_ind_nodes",
      "avg_nodes",
      "best_ind_depth",
      "avg_depth",
      "avg_used_codons",
      "best_ind_used_codons",
      "structural_diversity",
      "fitness_diversity",
      "selection_time",
      "generation_time"
    ],
    "created_at": "2025-09-06T14:22:23.883955"
  },
  "report_items": [
    "gen",
    "invalid",
    "avg",
    "std",
    "min",
    "max",
    "fitness_test",
    "best_ind_length",
    "avg_length",
    "best_ind_nodes",
    "avg_nodes",
    "best_ind_depth",
    "avg_depth",
    "avg_used_codons",
    "best_ind_used_codons",
    "structural_diversity",
    "fitness_diversity",
    "selection_time",
    "generation_time"
  ],
  "max": [
    0.7584541062801933,
    0.7632850241545893,
    0.7681159420289855,
    0.7681159420289855,
    0.7681159420289855,
    0.7681159420289855,
    0.714975845410628,
    0.7681159420289855,
    0.7681159420289855,
    0.7632850241545893,
    0.7681159420289855,
    0.7681159420289855,
    0.6473429951690821,
    0.7342995169082126,
    0.7632850241545893,
    0.7632850241545893,
    0.7681159420289855,
    0.7632850241545893,
    0.7681159420289855,
    0.7632850241545893,
    0.7681159420289855,
    0.7632850241545893,
    0.7681159420289855,
    0.7681159420289855,
    0.7681159420289855,
    0.7681159420289855,
    0.7681159420289855,
    0.7681159420289855,
    0.7681159420289855,
    0.7729468599033816,
    0.7536231884057971,
    0.7632850241545893,
    0.7632850241545893,
    0.7681159420289855,
    0.7681159420289855,
    0.6328502415458938,
    0.7632850241545893,
    0.7681159420289855,
    0.7681159420289855,
    0.7681159420289855,
    0.7632850241545893,
    0.7681159420289855,
    0.6570048309178744,
    0.7681159420289855,
    0.7681159420289855,
    0.7294685990338164,
    0.7681159420289855,
    0.7536231884057971,
    0.7681159420289855,
    0.7681159420289855,
    0.6714975845410628
  ],
  "avg": [
    0.5080193236714976,
    0.44596999745741156,
    0.407206119162641,
    0.3978112984324165,
    0.3784541062801932,
    0.4623188405797102,
    0.3799033816425121,
    0.38462329119128363,
    0.3762318840579709,
    0.37391304347826076,
    0.39855072463768115,
    0.4069565217391304,
    0.35816425120772954,
    0.37342995169082127,
    0.38579710144927537,
    0.3736231884057971,
    0.35710144927536236,
    0.3506280193236715,
    0.37053140096618364,
    0.34570048309178736,
    0.3336231884057972,
    0.3516908212560386,
    0.3717874396135265,
    0.3885024154589372,
    0.367536231884058,
    0.3354589371980677,
    0.39516908212560387,
    0.3626086956521739,
    0.39632850241545897,
    0.35951690821256044,
    0.408888888888889,
    0.3516908212560386,
    0.36183574879227054,
    0.37584541062801935,
    0.3672463768115942,
    0.3185507246376812,
    0.34289855072463765,
    0.39227053140096624,
    0.4152617568766637,
    0.4280193236714976,
    0.3590338164251207,
    0.34608695652173915,
    0.33719806763285026,
    0.3254106280193237,
    0.3622222222222223,
    0.3633816425120773,
    0.3739130434782609,
    0.34570048309178747,
    0.3472463768115943,
    0.3745893719806764,
    0.34009661835748795
  ],
  "min": [
    0.3526570048309179,
    0.2318840579710145,
    0.2318840579710145,
    0.21739130434782608,
    0.21739130434782608,
    0.21739130434782608,
    0.21739130434782608,
    0.21739130434782608,
    0.21739130434782608,
    0.21739130434782608,
    0.21739130434782608,
    0.1932367149758454,
    0.1932367149758454,
    0.1932367149758454,
    0.1932367149758454,
    0.1932367149758454,
    0.1932367149758454,
    0.1932367149758454,
    0.1932367149758454,
    0.1932367149758454,
    0.1932367149758454,
    0.1932367149758454,
    0.1932367149758454,
    0.1932367149758454,
    0.1932367149758454,
    0.1932367149758454,
    0.1932367149758454,
    0.1932367149758454,
    0.1932367149758454,
    0.1932367149758454,
    0.1932367149758454,
    0.1932367149758454,
    0.1932367149758454,
    0.1932367149758454,
    0.1932367149758454,
    0.1932367149758454,
    0.1932367149758454,
    0.1932367149758454,
    0.1932367149758454,
    0.1932367149758454,
    0.1932367149758454,
    0.1932367149758454,
    0.1932367149758454,
    0.1932367149758454,
    0.1932367149758454,
    0.1932367149758454,
    0.1932367149758454,
    0.1932367149758454,
    0.1932367149758454,
    0.1932367149758454,
    0.1932367149758454
  ],
  "std": [
    0.07983366216862135,
    0.12659792279551138,
    0.14783371181293994,
    0.16488372455883002,
    0.1764908523993609,
    0.16986224449417792,
    0.13126861763382497,
    0.16737328088866618,
    0.17640099098973777,
    0.16949569848163124,
    0.16964766244688465,
    0.19603186155973518,
    0.15472521205674078,
    0.14827770362635312,
    0.16983685249594238,
    0.16271119477134452,
    0.1681765674462088,
    0.1737468072927148,
    0.18711623581511413,
    0.18675146352144303,
    0.18203885733818956,
    0.16258030471393115,
    0.18380092871128736,
    0.1747539786893264,
    0.1815418571975174,
    0.15709372437051164,
    0.1653021225224437,
    0.1748055734079455,
    0.1855348208169644,
    0.1576511113266194,
    0.16820409704920047,
    0.1667415640715073,
    0.15863148431743254,
    0.18135705805402083,
    0.1655743523553794,
    0.14277764497038145,
    0.1588027565250087,
    0.18511179670228894,
    0.15758569374643586,
    0.19786250719114573,
    0.1751044536790617,
    0.17876161291612527,
    0.15070915317463288,
    0.17822554406930421,
    0.16765857603766035,
    0.1565732902522816,
    0.16155502366545046,
    0.15208466058314504,
    0.17154762827039818,
    0.17107782882400202,
    0.14083099211460734
  ],
  "fitness_test": [
    null,
    0.3111111111111111,
    0.3111111111111111,
    0.3,
    0.3,
    0.3,
    0.3,
    0.3,
    0.3,
    0.3,
    0.3,
    0.2222222222222222,
    0.2222222222222222,
    0.2222222222222222,
    0.2222222222222222,
    0.2222222222222222,
    0.2222222222222222,
    0.2222222222222222,
    0.2222222222222222,
    0.2222222222222222,
    0.2222222222222222,
    0.2222222222222222,
    0.2222222222222222,
    0.2222222222222222,
    0.2222222222222222,
    0.2222222222222222,
    0.2222222222222222,
    0.2222222222222222,
    0.2222222222222222,
    0.2222222222222222,
    0.2222222222222222,
    0.2222222222222222,
    0.2222222222222222,
    0.2222222222222222,
    0.2222222222222222,
    0.2222222222222222,
    0.2222222222222222,
    0.2222222222222222,
    0.2222222222222222,
    0.2222222222222222,
    0.2222222222222222,
    0.2222222222222222,
    0.2222222222222222,
    0.2222222222222222,
    0.2222222222222222,
    0.2222222222222222,
    0.2222222222222222,
    0.2222222222222222,
    0.2222222222222222,
    0.2222222222222222,
    0.2222222222222222
  ],
  "best_phenotype": "or_(and_(x[11],not_(x[22])),not_(x[18]))",
  "best_training_fitness": 0.1932367149758454,
  "best_depth": 6,
  "best_genome_length": 1098,
  "best_used_codons": 0.009107468123861567,
  "timestamp": "2025-09-06T13:22:27.025391+00:00"
}