{
  "config": {
    "experiment_name": "Experiment_3",
    "dataset": "processed.cleveland.data",
    "grammar": "heartDisease.bnf",
    "fitness_metric": "mae",
    "n_runs": 3,
    "generations": 50,
    "population": 50,
    "p_crossover": 0.8,
    "p_mutation": 0.09,
    "elite_size": 1,
    "tournsize": 7,
    "halloffame_size": 1,
    "max_tree_depth": 35,
    "min_init_tree_depth": 4,
    "max_init_tree_depth": 13,
    "min_init_genome_length": 95,
    "max_init_genome_length": 115,
    "codon_size": 255,
    "codon_consumption": "lazy",
    "genome_representation": "list",
    "initialisation": "sensible",
    "random_seed": 44,
    "label_column": null,
    "test_size": 0.3,
    "report_items": [
      "gen",
      "invalid",
      "avg",
      "std",
      "min",
      "max",
      "fitness_test",
      "best_ind_length",
      "avg_length",
      "best_ind_nodes",
      "avg_nodes",
      "best_ind_depth",
      "avg_depth",
      "avg_used_codons",
      "best_ind_used_codons",
      "structural_diversity",
      "fitness_diversity",
      "selection_time",
      "generation_time"
    ],
    "created_at": "2025-09-06T14:22:23.883955"
  },
  "report_items": [
    "gen",
    "invalid",
    "avg",
    "std",
    "min",
    "max",
    "fitness_test",
    "best_ind_length",
    "avg_length",
    "best_ind_nodes",
    "avg_nodes",
    "best_ind_depth",
    "avg_depth",
    "avg_used_codons",
    "best_ind_used_codons",
    "structural_diversity",
    "fitness_diversity",
    "selection_time",
    "generation_time"
  ],
  "max": [
    0.5893719806763285,
    0.7681159420289855,
    0.7681159420289855,
    0.7681159420289855,
    0.7632850241545893,
    0.7632850241545893,
    0.7632850241545893,
    0.7729468599033816,
    0.7681159420289855,
    0.5603864734299517,
    0.7681159420289855,
    0.7681159420289855,
    0.7632850241545893,
    0.7681159420289855,
    0.7681159420289855,
    0.5942028985507246,
    0.7681159420289855,
    0.6811594202898551,
    0.5603864734299517,
    0.7681159420289855,
    0.7681159420289855,
    0.7681159420289855,
    0.7681159420289855,
    0.7681159420289855,
    0.7681159420289855,
    0.7681159420289855,
    0.7681159420289855,
    0.5990338164251208,
    0.7681159420289855,
    0.7681159420289855,
    0.7681159420289855,
    0.7681159420289855,
    0.7681159420289855,
    0.7681159420289855,
    0.7681159420289855,
    0.7681159420289855,
    0.6231884057971014,
    0.7681159420289855,
    0.7681159420289855,
    0.7681159420289855,
    0.7681159420289855,
    0.7777777777777778,
    0.6618357487922706,
    0.6038647342995169,
    0.7681159420289855,
    0.6135265700483091,
    0.7922705314009661,
    0.7681159420289855,
    0.642512077294686,
    0.782608695652174,
    0.7681159420289855
  ],
  "avg": [
    0.4768115942028986,
    0.42237593324549844,
    0.3836822329575952,
    0.30618817575339313,
    0.3656400966183574,
    0.28571428571428564,
    0.34755770263016633,
    0.31439105008899054,
    0.36993119601815255,
    0.26416872864380814,
    0.3209751713290641,
    0.27574370709382146,
    0.2894927536231884,
    0.2803055836422873,
    0.41612989801395595,
    0.3155279503105589,
    0.2807300053676865,
    0.3123123123123123,
    0.30488459473966717,
    0.31184846173404523,
    0.30552871712291996,
    0.3038110574342458,
    0.333118625872249,
    0.3212560386473429,
    0.29645339931660186,
    0.3107416879795396,
    0.308300395256917,
    0.2954487668446478,
    0.345084214649432,
    0.33586381412468364,
    0.31625660038197956,
    0.3400494874513962,
    0.3194297160362908,
    0.2979066022544283,
    0.31741326306543693,
    0.34973598472081785,
    0.30298525950699856,
    0.2862628514802428,
    0.3509393451422437,
    0.31649040344692514,
    0.31730882526216564,
    0.3258326976862445,
    0.33601717659688674,
    0.32894158981115507,
    0.325327812284334,
    0.2809560132214594,
    0.35223074737141236,
    0.34363081617086194,
    0.32085346215781,
    0.3557081108568523,
    0.3269440548542933
  ],
  "min": [
    0.23671497584541062,
    0.23671497584541062,
    0.2318840579710145,
    0.2318840579710145,
    0.2318840579710145,
    0.2318840579710145,
    0.2318840579710145,
    0.2318840579710145,
    0.2318840579710145,
    0.2318840579710145,
    0.2318840579710145,
    0.2318840579710145,
    0.2318840579710145,
    0.2318840579710145,
    0.2318840579710145,
    0.2318840579710145,
    0.2318840579710145,
    0.2318840579710145,
    0.2318840579710145,
    0.2318840579710145,
    0.2318840579710145,
    0.2318840579710145,
    0.2318840579710145,
    0.2318840579710145,
    0.2318840579710145,
    0.2318840579710145,
    0.2318840579710145,
    0.2318840579710145,
    0.2318840579710145,
    0.2318840579710145,
    0.2318840579710145,
    0.2318840579710145,
    0.2318840579710145,
    0.2318840579710145,
    0.2318840579710145,
    0.2318840579710145,
    0.2318840579710145,
    0.2318840579710145,
    0.2318840579710145,
    0.2222222222222222,
    0.2222222222222222,
    0.21739130434782608,
    0.20772946859903382,
    0.20772946859903382,
    0.20772946859903382,
    0.20772946859903382,
    0.20772946859903382,
    0.20772946859903382,
    0.20772946859903382,
    0.20772946859903382,
    0.20772946859903382
  ],
  "std": [
    0.0716166263202066,
    0.13657064612278266,
    0.21116383286985793,
    0.16189995046159236,
    0.1981281481579222,
    0.14058904371455905,
    0.2063453131226307,
    0.16939559616195965,
    0.20803744639875063,
    0.09740132279939663,
    0.15963395419684265,
    0.11638286804749866,
    0.14327311534941659,
    0.1358601874089551,
    0.20575133487265693,
    0.1361979676176363,
    0.14173792744668626,
    0.13750049978554238,
    0.13657149881944608,
    0.14946575962603628,
    0.14935153469492005,
    0.1465103130065701,
    0.17048860785337355,
    0.15527020018222165,
    0.14249462619819742,
    0.14378502291332396,
    0.1659579386315054,
    0.11574335845227646,
    0.18174658916749126,
    0.1734146620660575,
    0.14987745411474837,
    0.1871398193623678,
    0.1627024310012566,
    0.13345152563671922,
    0.16351192336708,
    0.17341344164881187,
    0.1248102529258606,
    0.12113024293964851,
    0.16120491548803986,
    0.15907221680727054,
    0.17322251080099013,
    0.18769938489647806,
    0.155405417551499,
    0.13657875170196718,
    0.1654724334247438,
    0.10752413458131296,
    0.16958625631240748,
    0.15789970115759172,
    0.1383803614851313,
    0.1634581783447141,
    0.1467825139588173
  ],
  "fitness_test": [
    null,
    0.3,
    0.24444444444444444,
    0.24444444444444444,
    0.24444444444444444,
    0.24444444444444444,
    0.24444444444444444,
    0.24444444444444444,
    0.24444444444444444,
    0.24444444444444444,
    0.24444444444444444,
    0.24444444444444444,
    0.24444444444444444,
    0.24444444444444444,
    0.24444444444444444,
    0.24444444444444444,
    0.24444444444444444,
    0.24444444444444444,
    0.24444444444444444,
    0.24444444444444444,
    0.24444444444444444,
    0.24444444444444444,
    0.24444444444444444,
    0.24444444444444444,
    0.24444444444444444,
    0.24444444444444444,
    0.24444444444444444,
    0.24444444444444444,
    0.24444444444444444,
    0.24444444444444444,
    0.24444444444444444,
    0.24444444444444444,
    0.24444444444444444,
    0.24444444444444444,
    0.24444444444444444,
    0.24444444444444444,
    0.24444444444444444,
    0.24444444444444444,
    0.24444444444444444,
    0.2222222222222222,
    0.2222222222222222,
    0.3,
    0.2777777777777778,
    0.2777777777777778,
    0.2777777777777778,
    0.2777777777777778,
    0.2777777777777778,
    0.2777777777777778,
    0.2777777777777778,
    0.2777777777777778,
    0.2777777777777778
  ],
  "best_phenotype": "not_(or_(x[10],or_(x[8],x[22])))",
  "best_training_fitness": 0.20772946859903382,
  "best_depth": 6,
  "best_genome_length": 14,
  "best_used_codons": 0.6428571428571429,