{
  "config": {
    "experiment_name": "Experiment_1",
    "dataset": "processed.cleveland.data",
    "grammar": "heartDisease.bnf",
    "fitness_metric": "mae",
    "fitness_direction": -1,
    "n_runs": 3,
    "generations": 20,
    "population": 50,
    "p_crossover": 0.8,
    "p_mutation": 0.13,
    "elite_size": 1,
    "tournsize": 7,
    "halloffame_size": 1,
    "max_tree_depth": 35,
    "min_init_tree_depth": 4,
    "max_init_tree_depth": 13,
    "min_init_genome_length": 95,
    "max_init_genome_length": 115,
    "codon_size": 255,
    "codon_consumption": "lazy",
    "genome_representation": "list",
    "initialisation": "sensible",
    "random_seed": 45,
    "label_column": null,
    "test_size": 0.3,
    "report_items": [
      "gen",
      "invalid",
      "avg",
      "std",
      "min",
      "max",
      "fitness_test",
      "best_ind_length",
      "avg_length",
      "best_ind_nodes",
      "avg_nodes",
      "best_ind_depth",
      "avg_depth",
      "avg_used_codons",
      "best_ind_used_codons",
      "structural_diversity",
      "fitness_diversity",
      "selection_time",
      "generation_time"
    ],
    "created_at": "2025-09-14T09:16:45.228163"
  },
  "report_items": [
    "gen",
    "invalid",
    "avg",
    "std",
    "min",
    "max",
    "fitness_test",
    "best_ind_length",
    "avg_length",
    "best_ind_nodes",
    "avg_nodes",
    "best_ind_depth",
    "avg_depth",
    "avg_used_codons",
    "best_ind_used_codons",
    "structural_diversity",
    "fitness_diversity",
    "selection_time",
    "generation_time"
  ],
  "max": [
    0.714975845410628,
    0.4782608695652174,
    0.7342995169082126,
    0.7342995169082126,
    0.7681159420289855,
    0.6570048309178744,
    0.7342995169082126,
    0.7681159420289855,
    0.7198067632850241,
    0.7342995169082126,
    0.7342995169082126,
    0.7342995169082126,
    0.7342995169082126,
    0.6908212560386473,
    0.7246376811594203,
    0.7342995169082126,
    0.7342995169082126,
    0.642512077294686,
    0.7342995169082126,
    0.7342995169082126,
    0.6908212560386473
  ],
  "avg": [
    0.5041545893719807,
    0.41821946169772256,
    0.445625335480408,
    0.39824879227053134,
    0.40057971014492755,
    0.37572710243517704,
    0.34151631667159627,
    0.3704032337572711,
    0.3362910381543922,
    0.3276972624798712,
    0.3392877204808449,
    0.3491742500842602,
    0.40579710144927533,
    0.3627299825264672,
    0.3418880837359098,
    0.3808695652173914,
    0.3199476650563607,
    0.3809230136704697,
    0.43913043478260866,
    0.40244503598540865,
    0.37835748792270535
  ],
  "min": [
    0.40096618357487923,
    0.37681159420289856,
    0.2753623188405797,
    0.26570048309178745,
    0.26570048309178745,
    0.26570048309178745,
    0.2318840579710145,
    0.2318840579710145,
    0.2318840579710145,
    0.2318840579710145,
    0.2318840579710145,
    0.2318840579710145,
    0.2318840579710145,
    0.2318840579710145,
    0.2318840579710145,
    0.22705314009661837,
    0.22705314009661837,
    0.22705314009661837,
    0.22705314009661837,
    0.22705314009661837,
    0.22705314009661837
  ],
  "std": [
    0.05165026175228052,
    0.03595311601830534,
    0.10820563755343891,
    0.09679385354863132,
    0.12109653269331772,
    0.10692029064796965,
    0.10706246874689729,
    0.15217160556271478,
    0.11264502932243775,
    0.11892848125319017,
    0.12474900821852541,
    0.1370725518567078,
    0.1595097262098524,
    0.1479549150447249,
    0.13394454727674554,
    0.17476271240667943,
    0.12896620468440662,
    0.13528764605982121,
    0.1453239345464615,
    0.15325947506089607,
    0.1424897714468553
  ],
  "fitness_test": [
    null,
    0.3888888888888889,
    0.2111111111111111,
    0.24444444444444444,
    0.24444444444444444,
    0.24444444444444444,
    0.24444444444444444,
    0.24444444444444444,
    0.24444444444444444,
    0.24444444444444444,
    0.24444444444444444,
    0.24444444444444444,
    0.24444444444444444,
    0.24444444444444444,
    0.24444444444444444,
    0.2222222222222222,
    0.2222222222222222,
    0.2222222222222222,
    0.2222222222222222,
    0.2222222222222222,
    0.2222222222222222
  ],
  "best_phenotype": "or_(x[24],not_(x[18]))",
  "best_training_fitness": 0.22705314009661837,
  "best_depth": 5,
  "best_genome_length": 26,
  "best_used_codons": 0.23076923076923078,
  "timestamp": "2025-09-14T08:16:47.837510+00:00"
}