{
  "config": {
    "experiment_name": "Experiment_2",
    "dataset": "processed.cleveland.data",
    "grammar": "heartDisease.bnf",
    "fitness_metric": "mae",
    "fitness_direction": -1,
    "n_runs": 3,
    "generations": 20,
    "population": 50,
    "p_crossover": 0.8,
    "p_mutation": 0.19,
    "elite_size": 2,
    "tournsize": 12,
    "halloffame_size": 2,
    "max_tree_depth": 35,
    "min_init_tree_depth": 4,
    "max_init_tree_depth": 13,
    "min_init_genome_length": 95,
    "max_init_genome_length": 115,
    "codon_size": 255,
    "codon_consumption": "lazy",
    "genome_representation": "list",
    "initialisation": "sensible",
    "random_seed": 45,
    "label_column": null,
    "test_size": 0.3,
    "report_items": [
      "gen",
      "invalid",
      "avg",
      "std",
      "min",
      "max",
      "fitness_test",
      "best_ind_length",
      "avg_length",
      "best_ind_nodes",
      "avg_nodes",
      "best_ind_depth",
      "avg_depth",
      "avg_used_codons",
      "best_ind_used_codons",
      "structural_diversity",
      "fitness_diversity",
      "selection_time",
      "generation_time"
    ],
    "created_at": "2025-09-14T10:26:29.183673"
  },
  "report_items": [
    "gen",
    "invalid",
    "avg",
    "std",
    "min",
    "max",
    "fitness_test",
    "best_ind_length",
    "avg_length",
    "best_ind_nodes",
    "avg_nodes",
    "best_ind_depth",
    "avg_depth",
    "avg_used_codons",
    "best_ind_used_codons",
    "structural_diversity",
    "fitness_diversity",
    "selection_time",
    "generation_time"
  ],
  "max": [
    0.714975845410628,
    0.4782608695652174,
    0.7342995169082126,
    0.748792270531401,
    0.6231884057971014,
    0.7681159420289855,
    0.7681159420289855,
    0.7342995169082126,
    0.7342995169082126,
    0.7342995169082126,
    0.7681159420289855,
    0.7681159420289855,
    0.7342995169082126,
    0.7342995169082126,
    0.7681159420289855,
    0.7681159420289855,
    0.7681159420289855,
    0.7681159420289855,
    0.748792270531401,
    0.7681159420289855,
    0.7681159420289855
  ],
  "avg": [
    0.5041545893719807,
    0.392914653784219,
    0.40165631469979296,
    0.378900639770205,
    0.3073671497584541,
    0.39967793880837355,
    0.4110671936758893,
    0.3470426948687818,
    0.33025911286780846,
    0.35410628019323664,
    0.3496236377935063,
    0.4334023464458246,
    0.3492623057840449,
    0.3053387835996531,
    0.39535187361274315,
    0.37722567287784675,
    0.36294218482156765,
    0.3333333333333333,
    0.3493890309747087,
    0.3779557589626239,
    0.40021135265700475
  ],
  "min": [
    0.40096618357487923,
    0.26570048309178745,
    0.26570048309178745,
    0.2318840579710145,
    0.2318840579710145,
    0.2318840579710145,
    0.2318840579710145,
    0.2318840579710145,
    0.2318840579710145,
    0.2318840579710145,
    0.2318840579710145,
    0.2318840579710145,
    0.2318840579710145,
    0.2318840579710145,
    0.2318840579710145,
    0.2318840579710145,
    0.2318840579710145,
    0.2318840579710145,
    0.2318840579710145,
    0.2318840579710145,
    0.2318840579710145
  ],
  "std": [
    0.05165026175228052,
    0.062366881581439895,
    0.1521422200486446,
    0.156517630864203,
    0.11928277526794764,
    0.21264430100797463,
    0.21810213697999592,
    0.17776384617009738,
    0.1598469963173156,
    0.18535516948143982,
    0.19631030285091539,
    0.225686595632654,
    0.18057787099048084,
    0.15236374580642975,
    0.20217764828083085,
    0.20211281501559306,
    0.1962970302709884,
    0.164845357493887,
    0.18368971067934445,
    0.19854900547714407,
    0.22039692689531343
  ],
  "fitness_test": [
    null,
    0.23333333333333334,
    0.23333333333333334,
    0.24444444444444444,
    0.24444444444444444,
    0.24444444444444444,
    0.24444444444444444,
    0.24444444444444444,
    0.24444444444444444,
    0.24444444444444444,
    0.24444444444444444,
    0.24444444444444444,
    0.24444444444444444,
    0.24444444444444444,
    0.24444444444444444,
    0.24444444444444444,
    0.24444444444444444,
    0.24444444444444444,
    0.24444444444444444,
    0.24444444444444444,
    0.24444444444444444
  ],
  "best_phenotype": "not_(x[22])",
  "best_training_fitness": 0.2318840579710145,
  "best_depth": 4,
  "best_genome_length": 4,
  "best_used_codons": 0.75,
  "timestamp": "2025-09-14T09:26:31.585989+00:00"
}