{
  "config": {
    "experiment_name": "Experiment_1",
    "dataset": "processed.cleveland.data",
    "grammar": "heartDisease.bnf",
    "fitness_metric": "mae",
    "n_runs": 3,
    "generations": 20,
    "population": 50,
    "p_crossover": 0.8,
    "p_mutation": 0.13,
    "elite_size": 1,
    "tournsize": 7,
    "halloffame_size": 1,
    "max_tree_depth": 35,
    "min_init_tree_depth": 4,
    "max_init_tree_depth": 13,
    "min_init_genome_length": 95,
    "max_init_genome_length": 115,
    "codon_size": 255,
    "codon_consumption": "lazy",
    "genome_representation": "list",
    "initialisation": "sensible",
    "random_seed": 42,
    "label_column": null,
    "test_size": 0.3,
    "report_items": [
      "gen",
      "invalid",
      "avg",
      "std",
      "min",
      "max",
      "fitness_test",
      "best_ind_length",
      "avg_length",
      "best_ind_nodes",
      "avg_nodes",
      "best_ind_depth",
      "avg_depth",
      "avg_used_codons",
      "best_ind_used_codons",
      "structural_diversity",
      "fitness_diversity",
      "selection_time",
      "generation_time"
    ],
    "created_at": "2025-09-06T12:32:45.312209"
  },
  "report_items": [
    "gen",
    "invalid",
    "avg",
    "std",
    "min",
    "max",
    "fitness_test",
    "best_ind_length",
    "avg_length",
    "best_ind_nodes",
    "avg_nodes",
    "best_ind_depth",
    "avg_depth",
    "avg_used_codons",
    "best_ind_used_codons",
    "structural_diversity",
    "fitness_diversity",
    "selection_time",
    "generation_time"
  ],
  "max": [
    0.7584541062801933,
    0.7536231884057971,
    0.7681159420289855,
    0.7681159420289855,
    0.7681159420289855,
    0.7681159420289855,
    0.7874396135265701,
    0.7681159420289855,
    0.7681159420289855,
    0.7342995169082126,
    0.7681159420289855,
    0.6859903381642513,
    0.7536231884057971,
    0.7681159420289855,
    0.7681159420289855,
    0.7681159420289855,
    0.7681159420289855,
    0.6328502415458938,
    0.7681159420289855,
    0.7342995169082126,
    0.7681159420289855
  ],
  "avg": [
    0.5080193236714976,
    0.44667409884801185,
    0.43225735617039973,
    0.40620824339603245,
    0.35759527643585615,
    0.3644192396555346,
    0.391304347826087,
    0.3872785829307568,
    0.348876286494434,
    0.3201222517992704,
    0.3556521739130435,
    0.31223503894311344,
    0.3215458937198067,
    0.33845410628019323,
    0.32589371980676335,
    0.3172946859903381,
    0.3142028985507246,
    0.26850241545893716,
    0.3239613526570048,
    0.3298550724637681,
    0.3504347826086957
  ],
  "min": [
    0.3526570048309179,
    0.2318840579710145,
    0.2318840579710145,
    0.2318840579710145,
    0.2318840579710145,
    0.2318840579710145,
    0.2318840579710145,
    0.2318840579710145,
    0.2318840579710145,
    0.2318840579710145,
    0.2318840579710145,
    0.2318840579710145,
    0.2318840579710145,
    0.2318840579710145,
    0.2318840579710145,
    0.2318840579710145,
    0.2318840579710145,
    0.2318840579710145,
    0.2318840579710145,
    0.2318840579710145,
    0.2318840579710145
  ],
  "std": [
    0.07983366216862135,
    0.11905301344148352,
    0.16080990503367157,
    0.1785419703790478,
    0.17861331602150596,
    0.1955403856388671,
    0.18336853108722423,
    0.17659943596663638,
    0.16954930819687905,
    0.14556622718179818,
    0.18933226932536576,
    0.1365891157434821,
    0.15778745115022308,
    0.168923072188162,
    0.16215257760445,
    0.1579272494739187,
    0.150588195396826,
    0.09550611011471023,
    0.15144572340178278,
    0.15510493737973202,
    0.17347020915292077
  ],
  "fitness_test": [
    null,
    0.3111111111111111,
    0.3111111111111111,
    0.3111111111111111,
    0.3111111111111111,
    0.3111111111111111,
    0.3111111111111111,
    0.3111111111111111,
    0.3111111111111111,
    0.3111111111111111,
    0.3111111111111111,
    0.3111111111111111,
    0.3111111111111111,
    0.3111111111111111,
    0.3111111111111111,
    0.3111111111111111,
    0.3111111111111111,
    0.3111111111111111,
    0.3111111111111111,
    0.3111111111111111,
    0.3111111111111111
  ],
  "best_phenotype": "not_(x[18])",
  "best_training_fitness": 0.2318840579710145,
  "best_depth": 4,
  "best_genome_length": 1087,
  "best_used_codons": 0.0027598896044158236,
  "timestamp": "2025-09-06T11:32:46.418663+00:00"
}