{
  "config": {
    "experiment_name": "Experiment_2",
    "dataset": "processed.cleveland.data",
    "grammar": "heartDisease.bnf",
    "fitness_metric": "mae",
    "n_runs": 3,
    "generations": 50,
    "population": 50,
    "p_crossover": 0.8,
    "p_mutation": 0.12,
    "elite_size": 1,
    "tournsize": 7,
    "halloffame_size": 1,
    "max_tree_depth": 35,
    "min_init_tree_depth": 4,
    "max_init_tree_depth": 13,
    "min_init_genome_length": 95,
    "max_init_genome_length": 115,
    "codon_size": 255,
    "codon_consumption": "lazy",
    "genome_representation": "list",
    "initialisation": "sensible",
    "random_seed": 42,
    "label_column": null,
    "test_size": 0.3,
    "report_items": [
      "gen",
      "invalid",
      "avg",
      "std",
      "min",
      "max",
      "fitness_test",
      "best_ind_length",
      "avg_length",
      "best_ind_nodes",
      "avg_nodes",
      "best_ind_depth",
      "avg_depth",
      "avg_used_codons",
      "best_ind_used_codons",
      "structural_diversity",
      "fitness_diversity",
      "selection_time",
      "generation_time"
    ],
    "created_at": "2025-09-06T12:36:21.469481"
  },
  "report_items": [
    "gen",
    "invalid",
    "avg",
    "std",
    "min",
    "max",
    "fitness_test",
    "best_ind_length",
    "avg_length",
    "best_ind_nodes",
    "avg_nodes",
    "best_ind_depth",
    "avg_depth",
    "avg_used_codons",
    "best_ind_used_codons",
    "structural_diversity",
    "fitness_diversity",
    "selection_time",
    "generation_time"
  ],
  "max": [
    0.7584541062801933,
    0.7681159420289855,
    0.7681159420289855,
    0.7294685990338164,
    0.7536231884057971,
    0.7342995169082126,
    0.7342995169082126,
    0.7536231884057971,
    0.7342995169082126,
    0.7004830917874396,
    0.7342995169082126,
    0.7342995169082126,
    0.7536231884057971,
    0.7681159420289855,
    0.7681159420289855,
    0.7681159420289855,
    0.7681159420289855,
    0.7681159420289855,
    0.7681159420289855,
    0.7681159420289855,
    0.7681159420289855,
    0.7681159420289855,
    0.7681159420289855,
    0.7729468599033816,
    0.7536231884057971,
    0.7681159420289855,
    0.7681159420289855,
    0.7536231884057971,
    0.7681159420289855,
    0.7681159420289855,
    0.7681159420289855,
    0.7681159420289855,
    0.7681159420289855,
    0.6521739130434783,
    0.7681159420289855,
    0.6328502415458938,
    0.7681159420289855,
    0.7681159420289855,
    0.7874396135265701,
    0.7536231884057971,
    0.7681159420289855,
    0.7681159420289855,
    0.7681159420289855,
    0.6328502415458938,
    0.7536231884057971,
    0.7681159420289855,
    0.7874396135265701,
    0.7777777777777778,
    0.7536231884057971,
    0.7681159420289855,
    0.7536231884057971
  ],
  "avg": [
    0.5080193236714976,
    0.5059178743961352,
    0.4346775887418609,
    0.32729468599033823,
    0.344671201814059,
    0.31904186795491146,
    0.3439613526570049,
    0.31873779422345566,
    0.33091787439613535,
    0.3276328502415459,
    0.3579710144927536,
    0.34067632850241547,
    0.36144927536231886,
    0.3868599033816426,
    0.4097584541062802,
    0.3948792270531401,
    0.43111111111111117,
    0.3992270531400967,
    0.4268599033816425,
    0.470048309178744,
    0.44714975845410626,
    0.4100483091787439,
    0.4242512077294686,
    0.38724637681159424,
    0.4085990338164251,
    0.4284057971014494,
    0.4160386473429952,
    0.4252173913043479,
    0.38251207729468606,
    0.4065858227348911,
    0.41439613526570057,
    0.3898550724637681,
    0.35768115942028983,
    0.38106280193236713,
    0.3644444444444445,
    0.34666666666666673,
    0.3321739130434784,
    0.3647342995169083,
    0.33420289855072466,
    0.34917874396135273,
    0.3848309178743962,
    0.3526570048309179,
    0.37971014492753624,
    0.36512077294685996,
    0.36792270531400967,
    0.37478260869565216,
    0.4062801932367151,
    0.39043478260869563,
    0.36251207729468604,
    0.40318840579710147,
    0.4048309178743961
  ],
  "min": [
    0.3526570048309179,
    0.26570048309178745,
    0.26570048309178745,
    0.26570048309178745,
    0.2463768115942029,
    0.2463768115942029,
    0.2463768115942029,
    0.2463768115942029,
    0.2463768115942029,
    0.2463768115942029,
    0.24154589371980675,
    0.2318840579710145,
    0.2318840579710145,
    0.2318840579710145,
    0.2318840579710145,
    0.22705314009661837,
    0.22705314009661837,
    0.22705314009661837,
    0.22705314009661837,
    0.22705314009661837,
    0.22705314009661837,
    0.22705314009661837,
    0.22705314009661837,
    0.22705314009661837,
    0.21256038647342995,
    0.21256038647342995,
    0.21256038647342995,
    0.21256038647342995,
    0.21256038647342995,
    0.21256038647342995,
    0.21256038647342995,
    0.21256038647342995,
    0.21256038647342995,
    0.21256038647342995,
    0.21256038647342995,
    0.21256038647342995,
    0.21256038647342995,
    0.21256038647342995,
    0.21256038647342995,
    0.21256038647342995,
    0.21256038647342995,
    0.21256038647342995,
    0.21256038647342995,
    0.21256038647342995,
    0.21256038647342995,
    0.21256038647342995,
    0.21256038647342995,
    0.21256038647342995,
    0.21256038647342995,
    0.21256038647342995,
    0.21256038647342995
  ],
  "std": [
    0.07983366216862135,
    0.11825386127050576,
    0.15411437583528367,
    0.12236272499252177,
    0.1513498656484171,
    0.11446046792887601,
    0.15942614540556407,
    0.11600834675147766,
    0.12471349227922268,
    0.11969251994258484,
    0.13614020281588263,
    0.1406991540647563,
    0.16558337293383207,
    0.15341291476249871,
    0.19084189945208074,
    0.17695358729157537,
    0.17916795254590512,
    0.17286792790324412,
    0.1829808849237365,
    0.18832216650010988,
    0.1969620611611248,
    0.17907435191878973,
    0.19414205791037856,
    0.18212588577484298,
    0.18173008989577275,
    0.18462056612546252,
    0.19538095354008073,
    0.16793674162914016,
    0.16589315708969077,
    0.1651284832753698,
    0.18418229029610264,
    0.17802768089770432,
    0.17775666751369412,
    0.16597740272296344,
    0.17095760400983456,
    0.14781522488589552,
    0.16461329796078986,
    0.17838127455078995,
    0.15220286512406903,
    0.16550259306300616,
    0.17138966462204325,
    0.17786177389764407,
    0.19597337503797344,
    0.16041583457459335,
    0.1795421790505072,
    0.18034817392513083,
    0.19556388536993802,
    0.18611436983607318,
    0.14481141886123092,
    0.2007319565917747,
    0.16445284582613662
  ],
  "fitness_test": [
    null,
    0.23333333333333334,
    0.23333333333333334,
    0.23333333333333334,
    0.23333333333333334,
    0.23333333333333334,
    0.23333333333333334,
    0.23333333333333334,
    0.23333333333333334,
    0.23333333333333334,
    0.2222222222222222,
    0.28888888888888886,
    0.28888888888888886,
    0.28888888888888886,
    0.28888888888888886,
    0.25555555555555554,
    0.25555555555555554,
    0.25555555555555554,
    0.25555555555555554,
    0.25555555555555554,
    0.25555555555555554,
    0.25555555555555554,
    0.25555555555555554,
    0.25555555555555554,
    0.3,
    0.3,
    0.3,
    0.3,
    0.3,
    0.3,
    0.3,
    0.3,
    0.3,
    0.3,
    0.3,
    0.3,
    0.3,
    0.3,
    0.3,
    0.3,
    0.3,
    0.3,
    0.3,
    0.3,
    0.3,
    0.3,
    0.3,
    0.3,
    0.3,
    0.3,
    0.3
  ],
  "best_phenotype": "not_(or_(x[18],not_(not_(x[10]))))",
  "best_training_fitness": 0.21256038647342995,
  "best_depth": 7,
  "best_genome_length": 2397,
  "best_used_codons": 0.003337505214851898,
  "timestamp": "2025-09-06T11:36:24.681928+00:00"
}