{
  "config": {
    "experiment_name": "Experiment_1",
    "dataset": "processed.cleveland.data",
    "grammar": "heartDisease.bnf",
    "fitness_metric": "mae",
    "n_runs": 3,
    "generations": 20,
    "population": 50,
    "p_crossover": 0.8,
    "p_mutation": 0.13,
    "elite_size": 1,
    "tournsize": 7,
    "halloffame_size": 1,
    "max_tree_depth": 35,
    "min_init_tree_depth": 4,
    "max_init_tree_depth": 13,
    "min_init_genome_length": 95,
    "max_init_genome_length": 115,
    "codon_size": 255,
    "codon_consumption": "lazy",
    "genome_representation": "list",
    "initialisation": "sensible",
    "random_seed": 44,
    "label_column": null,
    "test_size": 0.3,
    "report_items": [
      "gen",
      "invalid",
      "avg",
      "std",
      "min",
      "max",
      "fitness_test",
      "best_ind_length",
      "avg_length",
      "best_ind_nodes",
      "avg_nodes",
      "best_ind_depth",
      "avg_depth",
      "avg_used_codons",
      "best_ind_used_codons",
      "structural_diversity",
      "fitness_diversity",
      "selection_time",
      "generation_time"
    ],
    "created_at": "2025-09-06T12:32:45.312209"
  },
  "report_items": [
    "gen",
    "invalid",
    "avg",
    "std",
    "min",
    "max",
    "fitness_test",
    "best_ind_length",
    "avg_length",
    "best_ind_nodes",
    "avg_nodes",
    "best_ind_depth",
    "avg_depth",
    "avg_used_codons",
    "best_ind_used_codons",
    "structural_diversity",
    "fitness_diversity",
    "selection_time",
    "generation_time"
  ],
  "max": [
    0.5893719806763285,
    0.7681159420289855,
    0.7681159420289855,
    0.7681159420289855,
    0.7681159420289855,
    0.7681159420289855,
    0.7632850241545893,
    0.7632850241545893,
    0.7681159420289855,
    0.7632850241545893,
    0.7681159420289855,
    0.7681159420289855,
    0.7681159420289855,
    0.7632850241545893,
    0.7681159420289855,
    0.7681159420289855,
    0.7681159420289855,
    0.7632850241545893,
    0.7681159420289855,
    0.7632850241545893,
    0.7681159420289855
  ],
  "avg": [
    0.4768115942028986,
    0.44238873471065887,
    0.37472551602986387,
    0.33942449065322416,
    0.38063138973149085,
    0.31377400730529037,
    0.3051529790660225,
    0.317282219105501,
    0.40452580727180265,
    0.3094547964113181,
    0.3188405797101449,
    0.3385456394609712,
    0.37048142595368977,
    0.28113258185721945,
    0.35036867531146704,
    0.41215357233663863,
    0.34989648033126286,
    0.35064412238325277,
    0.3506539413220219,
    0.31375540300025423,
    0.3286329808068938
  ],
  "min": [
    0.23671497584541062,
    0.23671497584541062,
    0.23671497584541062,
    0.2318840579710145,
    0.2318840579710145,
    0.2318840579710145,
    0.2318840579710145,
    0.2318840579710145,
    0.2318840579710145,
    0.2318840579710145,
    0.2318840579710145,
    0.2318840579710145,
    0.2318840579710145,
    0.2318840579710145,
    0.2318840579710145,
    0.2318840579710145,
    0.2318840579710145,
    0.2318840579710145,
    0.2318840579710145,
    0.2318840579710145,
    0.2318840579710145
  ],
  "std": [
    0.0716166263202066,
    0.16353846033562522,
    0.199379200604068,
    0.18840696788882366,
    0.2189214722536996,
    0.17567788410384003,
    0.1640320124978733,
    0.16445910399413097,
    0.21755138386883235,
    0.17285524041909694,
    0.1716554644155207,
    0.19987756692485414,
    0.2178151362840426,
    0.12943103702621786,
    0.19174909470745358,
    0.22906505730255186,
    0.20700850932205175,
    0.20904964101148657,
    0.21229504419687015,
    0.17515149127258964,
    0.1960607279446076
  ],
  "fitness_test": [
    null,
    0.3,
    0.3,
    0.24444444444444444,
    0.24444444444444444,
    0.24444444444444444,
    0.24444444444444444,
    0.24444444444444444,
    0.24444444444444444,
    0.24444444444444444,
    0.24444444444444444,
    0.24444444444444444,
    0.24444444444444444,
    0.24444444444444444,
    0.24444444444444444,
    0.24444444444444444,
    0.24444444444444444,
    0.24444444444444444,
    0.24444444444444444,
    0.24444444444444444,
    0.24444444444444444
  ],
  "best_phenotype": "not_(x[22])",
  "best_training_fitness": 0.2318840579710145,
  "best_depth": 4,
  "best_genome_length": 3,
  "best_used_codons": 1.0,
  "timestamp": "2025-09-06T11:32:48.198772+00:00"
}