{
  "config": {
    "experiment_name": "Experiment_3",
    "dataset": "processed.cleveland.data",
    "grammar": "heartDisease.bnf",
    "fitness_metric": "mae",
    "fitness_direction": -1,
    "n_runs": 3,
    "generations": 20,
    "population": 50,
    "p_crossover": 0.8,
    "p_mutation": 0.12,
    "elite_size": 1,
    "tournsize": 7,
    "halloffame_size": 1,
    "max_tree_depth": 35,
    "min_init_tree_depth": 4,
    "max_init_tree_depth": 13,
    "min_init_genome_length": 95,
    "max_init_genome_length": 115,
    "codon_size": 255,
    "codon_consumption": "lazy",
    "genome_representation": "list",
    "initialisation": "sensible",
    "random_seed": 45,
    "label_column": null,
    "test_size": 0.3,
    "report_items": [
      "gen",
      "invalid",
      "avg",
      "std",
      "min",
      "max",
      "fitness_test",
      "best_ind_length",
      "avg_length",
      "best_ind_nodes",
      "avg_nodes",
      "best_ind_depth",
      "avg_depth",
      "avg_used_codons",
      "best_ind_used_codons",
      "structural_diversity",
      "fitness_diversity",
      "selection_time",
      "generation_time"
    ],
    "created_at": "2025-09-14T10:32:39.787921"
  },
  "report_items": [
    "gen",
    "invalid",
    "avg",
    "std",
    "min",
    "max",
    "fitness_test",
    "best_ind_length",
    "avg_length",
    "best_ind_nodes",
    "avg_nodes",
    "best_ind_depth",
    "avg_depth",
    "avg_used_codons",
    "best_ind_used_codons",
    "structural_diversity",
    "fitness_diversity",
    "selection_time",
    "generation_time"
  ],
  "max": [
    0.7632850241545893,
    0.6811594202898551,
    0.6714975845410628,
    0.6811594202898551,
    0.7004830917874396,
    0.6328502415458938,
    0.6714975845410628,
    0.7439613526570048,
    0.7342995169082126,
    0.7342995169082126,
    0.7584541062801933,
    0.7342995169082126,
    0.7342995169082126,
    0.7342995169082126,
    0.7632850241545893,
    0.7342995169082126,
    0.5507246376811594,
    0.7391304347826086,
    0.5603864734299517,
    0.748792270531401,
    0.7439613526570048
  ],
  "avg": [
    0.506183574879227,
    0.42926155969634233,
    0.3607085346215781,
    0.3573671497584541,
    0.34182008095051575,
    0.3573607932875667,
    0.3374741200828157,
    0.3177960569264917,
    0.319349097381134,
    0.3905314009661835,
    0.358695652173913,
    0.3774154589371981,
    0.350448585231194,
    0.3693639291465378,
    0.36473429951690817,
    0.3506944444444444,
    0.3062456866804692,
    0.38702553485162183,
    0.3429951690821256,
    0.32689210950080516,
    0.4472722988099446
  ],
  "min": [
    0.30434782608695654,
    0.28019323671497587,
    0.28019323671497587,
    0.26570048309178745,
    0.24154589371980675,
    0.24154589371980675,
    0.22705314009661837,
    0.22705314009661837,
    0.2222222222222222,
    0.2222222222222222,
    0.2222222222222222,
    0.2222222222222222,
    0.2222222222222222,
    0.2222222222222222,
    0.2222222222222222,
    0.2222222222222222,
    0.21739130434782608,
    0.21739130434782608,
    0.21739130434782608,
    0.21739130434782608,
    0.21739130434782608
  ],
  "std": [
    0.08435889275586893,
    0.11546452658862319,
    0.09676894825317617,
    0.09476167425300365,
    0.10088756640532709,
    0.11558916790558398,
    0.12063286759579765,
    0.11981674024776512,
    0.1323455706745771,
    0.1742705932705582,
    0.1495001278308107,
    0.13107667324517444,
    0.13610771574434954,
    0.15602929411817087,
    0.1462018899369876,
    0.143088469279613,
    0.08855538078925049,
    0.15985999310667806,
    0.11592693138416903,
    0.1358443645741281,
    0.167255958629318
  ],
  "fitness_test": [
    null,
    0.3,
    0.3,
    0.23333333333333334,
    0.23333333333333334,
    0.23333333333333334,
    0.23333333333333334,
    0.23333333333333334,
    0.24444444444444444,
    0.24444444444444444,
    0.24444444444444444,
    0.24444444444444444,
    0.24444444444444444,
    0.24444444444444444,
    0.24444444444444444,
    0.24444444444444444,
    0.24444444444444444,
    0.24444444444444444,
    0.24444444444444444,
    0.24444444444444444,
    0.24444444444444444
  ],
  "best_phenotype": "or_(x[24],not_(x[18]))",
  "best_training_fitness": 0.21739130434782608,
  "best_depth": 5,
  "best_genome_length": 11,
  "best_used_codons": 0.5454545454545454,
  "timestamp": "2025-09-14T09:32:41.465521+00:00"
}