{
  "config": {
    "experiment_name": "Experiment_20250914_0917",
    "dataset": "processed.cleveland.data",
    "grammar": "heartDisease.bnf",
    "fitness_metric": "mae",
    "fitness_direction": -1,
    "n_runs": 3,
    "generations": 20,
    "population": 50,
    "p_crossover": 0.8,
    "p_mutation": 0.13,
    "elite_size": 0,
    "tournsize": 7,
    "halloffame_size": 1,
    "max_tree_depth": 35,
    "min_init_tree_depth": 4,
    "max_init_tree_depth": 13,
    "min_init_genome_length": 95,
    "max_init_genome_length": 115,
    "codon_size": 255,
    "codon_consumption": "lazy",
    "genome_representation": "list",
    "initialisation": "sensible",
    "random_seed": 45,
    "label_column": null,
    "test_size": 0.3,
    "report_items": [
      "gen",
      "invalid",
      "avg",
      "std",
      "min",
      "max",
      "fitness_test",
      "best_ind_length",
      "avg_length",
      "best_ind_nodes",
      "avg_nodes",
      "best_ind_depth",
      "avg_depth",
      "avg_used_codons",
      "best_ind_used_codons",
      "structural_diversity",
      "fitness_diversity",
      "selection_time",
      "generation_time"
    ],
    "created_at": "2025-09-14T09:17:11.344669"
  },
  "report_items": [
    "gen",
    "invalid",
    "avg",
    "std",
    "min",
    "max",
    "fitness_test",
    "best_ind_length",
    "avg_length",
    "best_ind_nodes",
    "avg_nodes",
    "best_ind_depth",
    "avg_depth",
    "avg_used_codons",
    "best_ind_used_codons",
    "structural_diversity",
    "fitness_diversity",
    "selection_time",
    "generation_time"
  ],
  "max": [
    0.714975845410628,
    0.5990338164251208,
    0.748792270531401,
    0.642512077294686,
    0.6280193236714976,
    0.5845410628019324,
    0.7342995169082126,
    0.6280193236714976,
    0.7342995169082126,
    0.7342995169082126,
    0.7681159420289855,
    0.6908212560386473,
    0.4782608695652174,
    0.6908212560386473,
    0.714975845410628,
    0.6908212560386473,
    0.6908212560386473,
    0.7342995169082126,
    0.5893719806763285,
    0.7342995169082126,
    0.7681159420289855
  ],
  "avg": [
    0.5041545893719807,
    0.47536231884057967,
    0.41918276972624796,
    0.3641545893719806,
    0.3434881198856355,
    0.3424584004294149,
    0.3429951690821256,
    0.3077697262479871,
    0.28492753623188405,
    0.28774154589371975,
    0.3014698324596567,
    0.30095590502621034,
    0.2792480571308548,
    0.3147448015122873,
    0.33085896076352067,
    0.2979751259122212,
    0.36963423050379574,
    0.3449905482041588,
    0.3265925176946411,
    0.35780998389694046,
    0.34804079441760594
  ],
  "min": [
    0.40096618357487923,
    0.3333333333333333,
    0.3333333333333333,
    0.25120772946859904,
    0.23671497584541062,
    0.23671497584541062,
    0.25120772946859904,
    0.25120772946859904,
    0.25120772946859904,
    0.25120772946859904,
    0.25120772946859904,
    0.25120772946859904,
    0.23671497584541062,
    0.23671497584541062,
    0.2318840579710145,
    0.2318840579710145,
    0.2463768115942029,
    0.2463768115942029,
    0.2222222222222222,
    0.23671497584541062,
    0.23671497584541062
  ],
  "std": [
    0.05165026175228052,
    0.10094653438924814,
    0.12557769292291082,
    0.06835289583592495,
    0.08208931987790911,
    0.10915557125258923,
    0.13978202832709666,
    0.1122212202534486,
    0.09834918294901834,
    0.10924403735143808,
    0.11394038939340384,
    0.11105038356927832,
    0.06211652840982119,
    0.12351833366004962,
    0.12966278903643308,
    0.10990965084968604,
    0.14308174234067594,
    0.14057229751468905,
    0.1071607136690039,
    0.14338922362632023,
    0.15325157711362497
  ],
  "fitness_test": [
    null,
    0.3,
    0.3,
    0.23333333333333334,
    0.2222222222222222,
    0.2222222222222222,
    0.2222222222222222,
    0.2222222222222222,
    0.2222222222222222,
    0.2222222222222222,
    0.2222222222222222,
    0.2222222222222222,
    0.2222222222222222,
    0.2222222222222222,
    0.2111111111111111,
    0.2111111111111111,
    0.2111111111111111,
    0.2111111111111111,
    0.26666666666666666,
    0.26666666666666666,
    0.26666666666666666
  ],
  "best_phenotype": "or_(and_(x[14],x[11]),x[24])",
  "best_training_fitness": 0.2222222222222222,
  "best_depth": 5,
  "best_genome_length": 31,
  "best_used_codons": 0.25806451612903225,
  "timestamp": "2025-09-14T08:17:13.122662+00:00"
}