{
  "config": {
    "experiment_name": "Experiment_3",
    "dataset": "processed.cleveland.data",
    "grammar": "heartDisease.bnf",
    "fitness_metric": "mae",
    "fitness_direction": -1,
    "n_runs": 3,
    "generations": 20,
    "population": 50,
    "p_crossover": 0.8,
    "p_mutation": 0.12,
    "elite_size": 1,
    "tournsize": 7,
    "halloffame_size": 1,
    "max_tree_depth": 35,
    "min_init_tree_depth": 4,
    "max_init_tree_depth": 13,
    "min_init_genome_length": 95,
    "max_init_genome_length": 115,
    "codon_size": 255,
    "codon_consumption": "lazy",
    "genome_representation": "list",
    "initialisation": "sensible",
    "random_seed": 45,
    "label_column": null,
    "test_size": 0.3,
    "report_items": [
      "gen",
      "invalid",
      "avg",
      "std",
      "min",
      "max",
      "fitness_test",
      "best_ind_length",
      "avg_length",
      "best_ind_nodes",
      "avg_nodes",
      "best_ind_depth",
      "avg_depth",
      "avg_used_codons",
      "best_ind_used_codons",
      "structural_diversity",
      "fitness_diversity",
      "selection_time",
      "generation_time"
    ],
    "created_at": "2025-09-14T10:32:39.787921"
  },
  "report_items": [
    "gen",
    "invalid",
    "avg",
    "std",
    "min",
    "max",
    "fitness_test",
    "best_ind_length",
    "avg_length",
    "best_ind_nodes",
    "avg_nodes",
    "best_ind_depth",
    "avg_depth",
    "avg_used_codons",
    "best_ind_used_codons",
    "structural_diversity",
    "fitness_diversity",
    "selection_time",
    "generation_time"
  ],
  "max": [
    0.714975845410628,
    0.4782608695652174,
    0.7342995169082126,
    0.7342995169082126,
    0.7342995169082126,
    0.7681159420289855,
    0.7342995169082126,
    0.7053140096618358,
    0.6908212560386473,
    0.7053140096618358,
    0.6135265700483091,
    0.7053140096618358,
    0.6038647342995169,
    0.6570048309178744,
    0.6618357487922706,
    0.7536231884057971,
    0.7342995169082126,
    0.7342995169082126,
    0.7342995169082126,
    0.642512077294686,
    0.7342995169082126
  ],
  "avg": [
    0.5041545893719807,
    0.4138486312399356,
    0.4039613526570048,
    0.3608399881691807,
    0.3833816425120773,
    0.38312136448782413,
    0.3601932367149759,
    0.3506852016168786,
    0.3489105787242433,
    0.34615005422458844,
    0.31763285024154586,
    0.3195450885668277,
    0.3181504485852312,
    0.3397395505145978,
    0.318544809228039,
    0.386976650563607,
    0.3471359558316079,
    0.34724637681159415,
    0.3608695652173913,
    0.3311111111111111,
    0.3471497584541062
  ],
  "min": [
    0.40096618357487923,
    0.3333333333333333,
    0.26570048309178745,
    0.26570048309178745,
    0.2463768115942029,
    0.2463768115942029,
    0.2463768115942029,
    0.2463768115942029,
    0.2463768115942029,
    0.24154589371980675,
    0.24154589371980675,
    0.23671497584541062,
    0.23671497584541062,
    0.23671497584541062,
    0.23671497584541062,
    0.23671497584541062,
    0.23671497584541062,
    0.23671497584541062,
    0.23671497584541062,
    0.23671497584541062,
    0.23671497584541062
  ],
  "std": [
    0.05165026175228052,
    0.04852341118621374,
    0.12108130682759136,
    0.09045302037936523,
    0.15118460720557264,
    0.1763368191276266,
    0.14277028929091817,
    0.11881852860549495,
    0.11850283046178596,
    0.10860546400442413,
    0.09688218809507924,
    0.11408618361578719,
    0.10531229110372804,
    0.10892553975308858,
    0.11368706694769827,
    0.15679175304354184,
    0.13889306819151725,
    0.1304728518429393,
    0.1301490877256674,
    0.11204901358992336,
    0.1371742852082437
  ],
  "fitness_test": [
    null,
    0.3,
    0.23333333333333334,
    0.23333333333333334,
    0.2222222222222222,
    0.2222222222222222,
    0.2222222222222222,
    0.2222222222222222,
    0.2222222222222222,
    0.25555555555555554,
    0.25555555555555554,
    0.24444444444444444,
    0.24444444444444444,
    0.24444444444444444,
    0.24444444444444444,
    0.24444444444444444,
    0.24444444444444444,
    0.24444444444444444,
    0.24444444444444444,
    0.24444444444444444,
    0.24444444444444444
  ],
  "best_phenotype": "or_(x[24],or_(x[20],x[6]))",
  "best_training_fitness": 0.23671497584541062,
  "best_depth": 5,
  "best_genome_length": 28,
  "best_used_codons": 0.2857142857142857,
  "timestamp": "2025-09-14T09:32:42.115260+00:00"
}