{
  "config": {
    "experiment_name": "Experiment_2",
    "dataset": "processed.cleveland.data",
    "grammar": "heartDisease.bnf",
    "fitness_metric": "mae",
    "fitness_direction": -1,
    "n_runs": 3,
    "generations": 20,
    "population": 50,
    "p_crossover": 0.8,
    "p_mutation": 0.19,
    "elite_size": 2,
    "tournsize": 12,
    "halloffame_size": 2,
    "max_tree_depth": 35,
    "min_init_tree_depth": 4,
    "max_init_tree_depth": 13,
    "min_init_genome_length": 95,
    "max_init_genome_length": 115,
    "codon_size": 255,
    "codon_consumption": "lazy",
    "genome_representation": "list",
    "initialisation": "sensible",
    "random_seed": 45,
    "label_column": null,
    "test_size": 0.3,
    "report_items": [
      "gen",
      "invalid",
      "avg",
      "std",
      "min",
      "max",
      "fitness_test",
      "best_ind_length",
      "avg_length",
      "best_ind_nodes",
      "avg_nodes",
      "best_ind_depth",
      "avg_depth",
      "avg_used_codons",
      "best_ind_used_codons",
      "structural_diversity",
      "fitness_diversity",
      "selection_time",
      "generation_time"
    ],
    "created_at": "2025-09-14T10:26:29.183673"
  },
  "report_items": [
    "gen",
    "invalid",
    "avg",
    "std",
    "min",
    "max",
    "fitness_test",
    "best_ind_length",
    "avg_length",
    "best_ind_nodes",
    "avg_nodes",
    "best_ind_depth",
    "avg_depth",
    "avg_used_codons",
    "best_ind_used_codons",
    "structural_diversity",
    "fitness_diversity",
    "selection_time",
    "generation_time"
  ],
  "max": [
    0.7584541062801933,
    0.7729468599033816,
    0.7342995169082126,
    0.7681159420289855,
    0.7681159420289855,
    0.782608695652174,
    0.7681159420289855,
    0.7681159420289855,
    0.782608695652174,
    0.7632850241545893,
    0.7681159420289855,
    0.7681159420289855,
    0.7681159420289855,
    0.7681159420289855,
    0.7681159420289855,
    0.7681159420289855,
    0.7681159420289855,
    0.7874396135265701,
    0.7681159420289855,
    0.7681159420289855,
    0.7729468599033816
  ],
  "avg": [
    0.5080193236714976,
    0.483695652173913,
    0.47271426015387374,
    0.44097222222222227,
    0.4323671497584542,
    0.44643982356647766,
    0.38007246376811593,
    0.43077648167786026,
    0.4222427793195601,
    0.4188110026619344,
    0.3951926475786497,
    0.4018912529550828,
    0.42083882301273606,
    0.40165631469979307,
    0.421277997364954,
    0.41781822267160995,
    0.36758893280632404,
    0.4704893929846672,
    0.42134005461037605,
    0.392914653784219,
    0.4525745257452573
  ],
  "min": [
    0.3526570048309179,
    0.3526570048309179,
    0.2318840579710145,
    0.2318840579710145,
    0.2318840579710145,
    0.2318840579710145,
    0.2318840579710145,
    0.2318840579710145,
    0.2318840579710145,
    0.2318840579710145,
    0.2318840579710145,
    0.2318840579710145,
    0.2318840579710145,
    0.2318840579710145,
    0.2318840579710145,
    0.2318840579710145,
    0.2318840579710145,
    0.2318840579710145,
    0.21739130434782608,
    0.21739130434782608,
    0.21739130434782608
  ],
  "std": [
    0.07983366216862135,
    0.11085976349376761,
    0.1335467271526331,
    0.16542911317920309,
    0.18504353832074763,
    0.19788972621622763,
    0.17843486624989277,
    0.190614655460797,
    0.20481467415249335,
    0.1815483132857582,
    0.19278909955063095,
    0.19107548284411202,
    0.22059613939833236,
    0.18977392938629314,
    0.20088503486424966,
    0.1926104109795793,
    0.18953922492032652,
    0.2141499781121492,
    0.20680399598490862,
    0.17587902918713202,
    0.21638071802179631
  ],
  "fitness_test": [
    null,
    0.36666666666666664,
    0.3111111111111111,
    0.23333333333333334,
    0.23333333333333334,
    0.23333333333333334,
    0.23333333333333334,
    0.23333333333333334,
    0.23333333333333334,
    0.23333333333333334,
    0.23333333333333334,
    0.23333333333333334,
    0.23333333333333334,
    0.23333333333333334,
    0.23333333333333334,
    0.23333333333333334,
    0.23333333333333334,
    0.23333333333333334,
    0.24444444444444444,
    0.24444444444444444,
    0.24444444444444444
  ],
  "best_phenotype": "not_(and_(not_(x[24]),not_(not_(not_(not_(not_(not_(x[18]))))))))",
  "best_training_fitness": 0.21739130434782608,
  "best_depth": 11,
  "best_genome_length": 35,
  "best_used_codons": 0.37142857142857144,
  "timestamp": "2025-09-14T09:26:30.326902+00:00"
}