{
  "config": {
    "experiment_name": "Experiment_20250914_0932",
    "dataset": "processed.cleveland.data",
    "grammar": "heartDisease.bnf",
    "fitness_metric": "mae",
    "fitness_direction": -1,
    "n_runs": 3,
    "generations": 20,
    "population": 50,
    "p_crossover": 0.8,
    "p_mutation": 0.11,
    "elite_size": 1,
    "tournsize": 11,
    "halloffame_size": 1,
    "max_tree_depth": 35,
    "min_init_tree_depth": 4,
    "max_init_tree_depth": 13,
    "min_init_genome_length": 95,
    "max_init_genome_length": 115,
    "codon_size": 255,
    "codon_consumption": "lazy",
    "genome_representation": "list",
    "initialisation": "sensible",
    "random_seed": 45,
    "label_column": null,
    "test_size": 0.3,
    "report_items": [
      "gen",
      "invalid",
      "avg",
      "std",
      "min",
      "max",
      "fitness_test",
      "best_ind_length",
      "avg_length",
      "best_ind_nodes",
      "avg_nodes",
      "best_ind_depth",
      "avg_depth",
      "avg_used_codons",
      "best_ind_used_codons",
      "structural_diversity",
      "fitness_diversity",
      "selection_time",
      "generation_time"
    ],
    "created_at": "2025-09-14T09:32:02.255570"
  },
  "report_items": [
    "gen",
    "invalid",
    "avg",
    "std",
    "min",
    "max",
    "fitness_test",
    "best_ind_length",
    "avg_length",
    "best_ind_nodes",
    "avg_nodes",
    "best_ind_depth",
    "avg_depth",
    "avg_used_codons",
    "best_ind_used_codons",
    "structural_diversity",
    "fitness_diversity",
    "selection_time",
    "generation_time"
  ],
  "max": [
    0.7584541062801933,
    0.6473429951690821,
    0.6859903381642513,
    0.7294685990338164,
    0.7536231884057971,
    0.7536231884057971,
    0.7342995169082126,
    0.6473429951690821,
    0.5362318840579711,
    0.7681159420289855,
    0.7342995169082126,
    0.7536231884057971,
    0.7342995169082126,
    0.7342995169082126,
    0.6473429951690821,
    0.7681159420289855,
    0.7342995169082126,
    0.7681159420289855,
    0.7342995169082126,
    0.7342995169082126,
    0.7342995169082126
  ],
  "avg": [
    0.5080193236714976,
    0.4939613526570048,
    0.4460547504025764,
    0.42814009661835745,
    0.3539386769200434,
    0.3524422973698336,
    0.3684314305432318,
    0.2958690722665878,
    0.28631239935587766,
    0.3215244229736984,
    0.3194572926302806,
    0.32406585822734896,
    0.32229123533471365,
    0.29599436392914663,
    0.3085990338164252,
    0.3110691031295946,
    0.3178127248432522,
    0.3252489401557725,
    0.33036890645586303,
    0.31561996779388085,
    0.3295088566827698
  ],
  "min": [
    0.3526570048309179,
    0.3526570048309179,
    0.3140096618357488,
    0.26570048309178745,
    0.26570048309178745,
    0.26570048309178745,
    0.26570048309178745,
    0.26570048309178745,
    0.26570048309178745,
    0.26570048309178745,
    0.26570048309178745,
    0.26570048309178745,
    0.26570048309178745,
    0.26570048309178745,
    0.26570048309178745,
    0.26570048309178745,
    0.26570048309178745,
    0.26570048309178745,
    0.26570048309178745,
    0.26570048309178745,
    0.26570048309178745
  ],
  "std": [
    0.07983366216862135,
    0.08241223543051938,
    0.11335491149803402,
    0.14980787520209493,
    0.13502879039976315,
    0.1520079544069904,
    0.15951071473786346,
    0.07973646482577447,
    0.06016082370389967,
    0.12856881053477745,
    0.14093805608558496,
    0.1267995956246942,
    0.12211616255591931,
    0.09305913887885073,
    0.11003316645402926,
    0.1135700366848803,
    0.11580891461781455,
    0.1430366900127465,
    0.14086388983293024,
    0.12629973634587996,
    0.13018464091278384
  ],
  "fitness_test": [
    null,
    0.2222222222222222,
    0.23333333333333334,
    0.23333333333333334,
    0.23333333333333334,
    0.23333333333333334,
    0.23333333333333334,
    0.23333333333333334,
    0.23333333333333334,
    0.23333333333333334,
    0.23333333333333334,
    0.23333333333333334,
    0.23333333333333334,
    0.23333333333333334,
    0.23333333333333334,
    0.23333333333333334,
    0.23333333333333334,
    0.23333333333333334,
    0.23333333333333334,
    0.23333333333333334,
    0.23333333333333334
  ],
  "best_phenotype": "x[24]",
  "best_training_fitness": 0.26570048309178745,
  "best_depth": 3,
  "best_genome_length": 5,
  "best_used_codons": 0.4,
  "timestamp": "2025-09-14T08:32:03.623982+00:00"
}